as_of_date,ticker,company_name,sector,price,fair_value_bear,fair_value_base,fair_value_bull,base_upside,dispersion,quality_score,opportunity_score,confidence_score,confidence,data_completeness,valuation_coverage,valuation_score,research_status,red_flags,methods_used,pe,pb,dcf,comps,roe,net_margin,ebitda_margin,fcf_margin,debt_equity,eps_growth,revenue_growth,beta,discount_rate,discount_rate_source
2026-09-26,ABUK,,Materials & Chemicals,90.63492063492063,17.96306119452733,87.29192426380303,87.29192426380303,-0.03688419814017675,0.8325152647657675,79.0,66.2,89.6,Medium,100,,,,,3,13.837392463346662,4.920462575185701,17.96306119452733,87.29192426380303,0.43034162292401684,0.3877044732149779,0.4239088301418715,0.16276455539189083,0.0034205317958867568,-0.18675214924225159,-0.19283296081442047,,0.25,Fallback
2026-09-26,ACAP,,Unclassified,8.355441293110522,8.442112527401154,9.465077425159922,10.488042322918691,0.13280401275326428,0.21615563229087575,37.6,56.4,74.9,Medium,80,,,,,2,13.262605227159558,3.8327712353717986,,10.488042322918691,0.3831467661691542,,,,1.5093283582089552,-0.5433288596037058,,,0.25,Fallback
2026-09-26,ADIB,,Financials,51.0,35.73937113302991,47.366406490809496,58.993441848589086,-0.07124693155275498,0.49094015016889997,59.3,58.7,82.7,High,90,,,,,2,5.345911949685535,1.756198347107438,,,0.31871231054960675,0.5400365204553401,,-2.699055907377909,0.24501868708871208,-0.2331429239807583,-0.3050215422584154,,0.25,Fallback
2026-09-26,ALCN,,Industrials,33.493288590604024,7.535158361554552,8.864892190064179,10.194626018573805,-0.7353233270574967,,81.3,49.6,90.8,High,90,,,,,1,13.955536912751677,12.313709040663243,8.864892190064179,,0.8911514253980007,0.9421972860125261,,0.6394832985386222,0.004052819943230902,-0.27041748415797606,-0.17996249519174812,,0.25,Fallback
2026-09-26,AMES,,Healthcare,48.98192820345081,0.005386604269213967,4.427971287421934,4.427971287421934,-0.9095998983741522,1.6139961080285479,64.6,39.8,85.4,Medium,100,,,,,3,113.9114609382577,20.58064210229026,0.005386604269213967,4.427971287421934,0.1806205990364206,0.10878652597402598,0.17130681818181817,0.0002840909090909091,0.0704154172703076,-0.13353670915997207,-0.11001452188367344,,0.25,Fallback
2026-09-26,AMIA,,Unclassified,18.822100789313904,8.200909312332548,9.648128602744174,11.0953478931558,-0.48740426423484984,,35.7,43.5,87.1,High,100,,,,,1,26.14180665182487,5.53591199685703,,,0.2075068493150685,0.18309427880741339,0.2125503626107977,-0.3437792103142627,3.2515981735159816,-0.28989565312148535,-0.22867820034059982,,0.25,Fallback
2026-09-26,AMOC,,Unclassified,13.418604651162791,13.057473362264412,14.16683849163801,15.276203621011609,0.055760927453092586,0.15661435401108048,66.1,65.9,92.0,High,100,,,,,2,11.770705834353327,4.1288014311270125,,13.057473362264412,0.349146110056926,0.036819330148327875,0.03619400185097176,0.007849871182370745,0.006698292220113852,-0.21959181133878913,-0.23930814981761206,,0.25,Fallback
2026-09-26,ARAB,,Unclassified,0.22301255230125522,0.11390151822684094,0.13400178614922464,0.15410205407160832,-0.3991289514134204,,41.9,47.6,88.4,High,100,,,,,1,22.30125523012552,1.31183854294856,,,0.04009515928837402,0.060949685534591194,0.0730440251572327,-0.42563522012578614,1.1373603640877121,0.0,-0.08675037897698545,,0.25,Fallback
2026-09-26,ARCC,,Materials & Chemicals,67.00989676421159,26.6152624115843,119.67803658244917,119.67803658244917,0.7859755403528154,1.1165101478074027,71.6,84.3,86.8,Medium,100,,,,,3,5.786692293973367,5.239241342002471,26.6152624115843,119.67803658244917,0.910740354535975,0.3352011053116365,0.3987565244089653,0.14207859993859379,0.267570385818561,-0.6400203949643394,-0.2841497070118345,,0.25,Fallback
2026-09-26,ATQA,,Materials & Chemicals,12.608333333333333,1.2927477697296508,3.8108714895615936,6.328995209393536,-0.6977497827181816,1.3215474343490023,62.6,44.5,85.0,Medium,100,,,,,2,,6.335845896147403,6.328995209393536,1.2927477697296508,-0.025660377358490565,-0.011072914781979373,0.02825764429165913,0.2549303419576624,0.14929140461215934,,-0.15600133696049956,,0.25,Fallback
2026-09-26,AXPH,,Healthcare,1655.9999999999998,751.8508656065743,1659.9559996681655,1659.9559996681655,0.002388888688505894,0.6411381335550306,80.5,68.0,91.3,Medium,100,,,,,3,16.59318637274549,7.627118644067796,751.8508656065743,1816.111957017297,0.4594843462246777,0.16008982996470966,0.2214661533525826,0.17420596727622714,0.005847145488029466,-0.2518011036859611,-0.1874568110710234,,0.25,Fallback
2026-09-26,BINV,,Unclassified,56.97014105147463,38.056507266379796,38.25743274646487,38.45835822654995,-0.32846519175899763,0.010503866342345815,68.1,57.2,93.5,High,100,,,,,2,20.05990882094177,2.0983477367025647,,38.45835822654995,0.09187627069416207,0.7899165959146981,0.7701143684762524,0.11572941117714629,0.0030119082195759514,-0.2577121929951285,-0.2729845075962264,,0.25,Fallback
2026-09-26,BIOC,,Healthcare,255.6580050293378,38.75448375978784,43.05422654168423,47.353969323580614,-0.831594451592691,0.19973615262759228,44.8,37.3,87.5,High,100,,,,,2,109.72446567782738,9.787825613680619,,47.353969323580614,0.08802016498625115,0.053084577114427864,0.12184355997788833,-0.36014372581536763,0.8194317140238313,-0.04508841667905594,-0.1291608882270624,,0.25,Fallback
2026-09-26,BONY,,Real Estate,4.2032085561497325,1.2568610234524769,7.179811023300904,12.584347826086958,0.7081738694112839,1.929020883983016,79.9,83.4,83.0,Medium,90,,,,,4,3.891859774212715,0.6021788762392166,1.2568610234524769,1.7752742205148497,0.15411638918588666,,,,0.08675729341683214,1.010336261506363,,,0.25,Fallback
2026-09-26,BTFH,,Financials,2.8199626865671643,0.37102793615464835,1.5515849721290873,2.7321420081035264,-0.4497852827911408,1.5217433233508015,28.4,39.0,72.7,Medium,90,,,,,2,46.99937810945274,1.2702534624176414,,,0.02815194317439582,0.053741427680798,,-0.27072942643391523,2.628061724363161,,-0.5366995656125879,,0.25,Fallback
2026-09-26,CANA,,Financials,47.49,28.5028868953503,33.204787186241774,37.90668747713324,-0.30080464968958154,0.28320616931041054,53.4,51.6,83.1,High,90,,,,,2,7.747145187601958,2.050518134715026,,,0.30079440462827045,0.4559853393546698,,-4.362065580208129,0.4878248855884639,-0.3871374568434267,-0.33500162012016776,,0.25,Fallback
2026-09-26,CCAP,,Unclassified,6.583924349881796,0.8040107168953479,44.31336152675795,87.82271233662055,5.730539291137743,1.9637124926119696,63.3,87.1,85.2,Medium,100,,,,,2,109.73207249802994,,,87.82271233662055,0.0026804273919378337,0.0013152767765113827,0.2693946128226974,0.287399534088404,0.942921321029626,,-0.2286874988870108,,0.25,Fallback
2026-09-26,CICH,,Financials,11.9,9.808635948011307,10.407899026966271,11.007162105921235,-0.125386636389389,0.11515543673171841,40.9,52.5,81.8,High,90,,,,,2,6.685393258426966,1.4930991217063991,,,0.22141967621419675,0.35595595595595597,,-1.1863863863863864,3.8428393524283937,-0.1750687001493958,-0.10950518565467215,,0.25,Fallback
2026-09-26,CIEB,,Financials,24.072,21.980205524652693,26.387762112744255,30.795318700835818,0.09620148358026986,0.3340606580626165,61.6,63.9,84.3,High,90,,,,,2,4.833734939759036,1.3478163493840984,,,0.3133231789266195,0.5346686033177892,,-0.47748643070101676,0.09766149986560343,-0.23674075482303436,-0.22774050924517852,,0.25,Fallback
2026-09-26,CIRA,,Real Estate,39.07067725939017,9.241593074215963,17.32576687490326,18.99304347826087,-0.5565531981982929,1.721660253225632,65.6,48.9,85.6,Medium,100,,,,,4,23.969740649932625,9.150041512737747,15.658490271545647,39.07067725939017,0.3308097432521396,0.16817269076305222,0.4206827309236948,0.28329986613119146,1.3127057274522713,-0.23042134359576705,-0.2528921352200645,,0.25,Fallback
2026-09-26,CLHO,,Unclassified,15.49655172413793,4.556060729073638,6.48671640660895,8.417372084144263,-0.5814090436322662,0.595264400820198,51.6,44.8,85.9,High,100,,,,,2,45.578093306288025,5.937376139516449,,8.417372084144263,0.1509688013136289,0.07892813343144468,0.20750551876379691,-0.026204316899681137,0.9329110954726718,-0.09530287298975992,-0.20749898763601127,,0.25,Fallback
2026-09-26,CNFN,,Financials,4.3,1.6696257126959178,3.0562166061798797,4.442807499663842,-0.28925195205119075,0.9073904583072941,55.2,51.3,78.7,Medium,90,,,,,2,15.925925925925924,1.1911357340720221,,,0.06762350936967632,0.05423740392826644,,0.29615713065755767,2.0585604770017034,0.08178074106640287,-0.21792916096753212,,0.25,Fallback
2026-09-26,COMI,,Financials,128.0175953079179,86.48090941866431,104.05811724401494,121.63532506936556,-0.18715769505179158,0.3378344388863447,60.0,56.3,84.0,High,90,,,,,2,6.508266156986166,1.8217958632121518,,,0.3699709751023421,0.6338257907822313,,-0.7349855568170387,0.1667883027984699,-0.28525231429707454,-0.279388592655322,,0.25,Fallback
2026-09-26,CPCI,,Healthcare,561.2860013395848,58.378612476282875,561.2860013395848,561.2860013395848,0.0,0.8970083642043131,73.8,65.5,88.0,Medium,100,,,,,3,16.615926623433534,7.2172560285403735,58.378612476282875,561.2860013395848,0.4345305770887166,0.21081905557877142,0.28194316757208526,0.06422900125365649,0.1449526270456503,-0.24439863081719848,-0.1499658698797981,,0.25,Fallback
2026-09-26,CSAG,,Industrials,37.53333333333333,10.907890734263658,12.832812628545481,14.757734522827302,-0.6580955782803157,,75.6,49.9,89.6,High,90,,,,,1,9.929453262786597,6.573263280793928,12.832812628545481,,0.6619964973730298,6.873560431567463,0.3733179779367196,4.329191417141471,,-0.29251603585831,-0.20032774183264868,,0.25,Fallback
2026-09-26,DOMT,,Consumer,25.65372775202576,10.235074101630838,12.041263648977457,13.847453196324075,-0.5306232386431008,,54.3,48.0,90.9,High,100,,,,,1,40.72020278099327,4.759504221155058,,,0.144257555847569,0.02263971952979996,0.09894411218808001,0.03663023303773974,1.557161629434954,-0.1972584382397693,-0.19098370986408597,,0.25,Fallback
2026-09-26,EAST,,Consumer,31.68,50.200601546094106,59.05953123069895,67.91846091530378,0.8642528797569113,,54.3,82.9,90.9,High,100,,,,,1,10.25242718446602,7.167420814479638,,,0.7832880434782609,0.2500843495445125,0.26668915987853664,-0.1277052103918639,1.738149154589372,-0.1602959532362943,-0.17330314592819518,,0.25,Fallback
2026-09-26,EFIC,,Materials & Chemicals,175.0,41.51217739003999,78.90838720580273,116.30459702156547,-0.5490949302525558,0.9478386554328846,33.7,39.6,79.6,Medium,100,,,,,2,58.333333333333336,5.636070853462158,,116.30459702156547,0.1409591245574509,0.03642684854029776,0.19105048656741247,-0.23396822756383598,2.6746057289990346,-0.030467495661483546,-0.2552848005713042,,0.25,Fallback
2026-09-26,EFID,,Unclassified,29.48201438848921,27.87166229209449,29.07803298090963,30.284403669724767,-0.01370263925172315,0.08297471081397748,64.0,63.7,92.2,High,100,,,,,2,13.045139109950979,6.904453018381548,,27.87166229209449,0.5386569296713765,0.14185968726482148,0.1966719625386738,0.06028932184965298,0.9888871249404667,-0.3036643069505033,-0.26158003338274316,,0.25,Fallback
2026-09-26,EFIH,,Unclassified,22.95942028985507,9.112121458147277,9.21760639435874,9.3230913305702,-0.5985261701737451,0.02288770678600891,79.6,53.9,95.7,High,100,,,,,2,33.763853367433924,7.972020933977456,,9.3230913305702,0.30824834141994256,0.4033428349313294,0.43016325472920447,0.34970199533557916,0.020535696603624122,-0.2512752077679591,-0.23952821576159056,,0.25,Fallback
2026-09-26,EGAL,,Unclassified,356.969696969697,482.43001963027524,492.80336331030685,503.1767069903385,0.38051875969780347,0.04209932176741166,81.8,79.0,96.0,High,100,,,,,2,9.506516563773555,4.344811306836624,,482.43001963027524,0.45706951492977693,0.29152944276116455,0.378323955059563,0.2980973709467979,0.006273751917856721,-0.36618039170371053,-0.2774666827954466,,0.25,Fallback
2026-09-26,EGAS,,Energy & Utilities,54.98543891277215,18.013129560221575,21.19191712967244,24.370704699123305,-0.6145903797677983,,67.7,49.9,93.5,High,100,,,,,1,23.498050817423998,1.5859659334517493,21.19191712967244,,0.06948589717943589,0.03439889086947911,-0.04214795008912656,0.056150722915428795,0.22504500900180036,-0.14169404025974763,-0.1175380373068724,,0.25,Fallback
2026-09-26,EGBE,,Financials,26.660268714011515,34.32407234504836,41.000581070460335,47.67708979587231,0.5378907658538399,0.3256787367934255,59.2,74.2,83.9,High,90,,,,,2,3.4578818046707545,0.9559078061674978,,,0.3213772332124033,0.39480322906155396,,-1.2439455095862766,0.09822712026832775,-0.3141544948372569,-0.24883570184780923,,0.25,Fallback
2026-09-26,EGCH,,Materials & Chemicals,14.175879396984925,8.433568185298824,10.44361070115541,12.453653217011995,-0.2632830451861302,0.3849324861628953,60.8,55.9,89.3,High,100,,,,,2,15.750977107761027,0.6550776061453293,,8.433568185298824,0.04173063503140265,0.15973644377170332,0.2744190187872852,-0.01305938919063307,0.3148639218422889,-0.1239914599647125,-0.20701387862391318,,0.25,Fallback
2026-09-26,EGSA,,Unclassified,465.7020364415863,18.224242916294553,20.38862986693144,22.553016817568327,-0.9562195818967848,0.2123131338165427,72.2,41.0,87.3,High,90,,,,,2,342.4279679717546,25.282412401823358,,22.553016817568327,0.0839660237949792,0.5888412892696858,0.613015095879233,0.4978580171358629,,-0.11700795627040539,0.026541752485211623,,0.25,Fallback
2026-09-26,EGTS,,Travel & Leisure,18.104761904761904,2.9056731545648242,3.4184390053703817,3.9312048561759387,-0.8111856414708627,,28.3,31.8,80.2,High,90,,,,,1,,38.52077001013171,3.4184390053703817,,-0.2099190601891509,-0.11211951447245565,-0.3142390289449113,0.4840896358543418,,,-0.34658091231574406,,0.25,Fallback
2026-09-26,ELEC,,Unclassified,1.933534743202417,1.653023131159271,1.9447330954814952,2.2364430598037193,0.005791647819335742,,30.2,54.2,86.0,High,100,,,,,1,,1.7903099474096453,,1.9447330954814952,-0.053599553197430885,-0.02088801828272935,0.18990096854935248,0.34127761453912286,2.9681653169505724,,-0.21953159858811766,,0.25,Fallback
2026-09-26,EMFD,,Unclassified,13.392660550458716,16.348217910205406,17.45362018700741,18.55902246380941,0.30322277050541685,0.12666739220381,65.3,71.9,92.1,High,100,,,,,2,10.977590615130095,1.0153647119377345,,18.55902246380941,0.10003619455967926,0.33483994222077257,0.3657797865896277,-0.16201481757606823,0.05223153381407133,-0.0653868561604043,-0.12383520263843129,,0.25,Fallback
2026-09-26,ENGC,,Materials & Chemicals,40.27491408934708,3.5467311880866794,76.79752817157397,76.79752817157397,0.9068328240552924,1.327437897589213,57.6,83.1,84.0,Medium,100,,,,,3,7.2567412773598345,1.9215130767818263,3.5467311880866794,105.4906805242092,0.23846946867565424,0.11784846505551927,0.2651861528412802,0.009737426518615285,0.5408406026962728,-0.3656683595911463,-0.22800684660362291,,0.25,Fallback
2026-09-26,ETEL,,Unclassified,135.75438596491227,198.3226435008525,219.3988265473903,240.47500959392812,0.6161454010340203,0.1921266706682712,66.6,80.0,91.9,High,100,,,,,2,9.172593646277855,3.1475628556668735,,240.47500959392812,0.37261423180300274,0.23773601247185172,0.44341763381257576,0.09113978867140135,0.9886786305758423,-0.2164910814834866,-0.20317973216479845,,0.25,Fallback
2026-09-26,EXPA,,Financials,21.75,23.949316881844425,29.103781493395147,34.25824610494587,0.33810489624805273,0.35421270687594214,58.3,68.9,83.5,High,90,,,,,2,3.9259927797833933,1.1176772867420348,,,0.28424864212432105,0.48279838554679994,,-2.4555064385931193,0.08226463488231744,-0.3264826749706088,-0.31189251751329017,,0.25,Fallback
2026-09-26,FAIT,,Financials,49.35281443153044,70.12427993322854,80.19786435724347,90.2714487812584,0.6249906977140255,0.25121827132807145,79.5,82.6,88.5,High,90,,,,,2,4.35210003805383,0.672840005883169,,,0.16141382519671715,0.5011492743153608,,-0.18506600118211072,0.0021302563668669093,2.287249954473702,-0.16545519799720987,,0.25,Fallback
2026-09-26,FERC,,Materials & Chemicals,76.875,54.58743693920976,57.874355813601,61.16127468799225,-0.24716285120519024,0.11358809366198727,51.3,54.0,89.4,High,100,,,,,2,17.392533936651585,7.566437007874016,,54.58743693920976,0.4512795275590551,0.1729862290133937,0.2819279381248821,-0.05711092246745897,1.2561515748031495,-0.43700628338242875,-0.6507368554609234,,0.25,Fallback
2026-09-26,FWRY,,Unclassified,18.730205278592376,11.287621315205314,11.338886568944705,11.390151822684095,-0.3946202724267818,0.009042378795780029,73.6,57.2,94.7,High,100,,,,,2,22.035535621873382,7.041430555861795,,11.287621315205314,0.34717625707270205,0.32172536604669566,0.3922635536208943,0.2569252077562327,0.4846802604889506,-0.32399102157964843,-0.30339937689961227,,0.25,Fallback
2026-09-26,GBCO,,Unclassified,30.284403669724767,30.284403669724767,30.284403669724767,30.28440366972477,0.0,1.173116604026824e-16,57.0,62.1,91.4,High,100,,,,,2,13.400178614922465,0.9826217933070982,,30.28440366972477,0.07028581188795263,0.026590130742886683,0.07975962263338143,0.030467185043186077,1.3325267592803463,-0.10608493952977283,-0.19474976824056778,,0.25,Fallback
2026-09-26,GOUR,,Unclassified,15.5,7.7025697711315155,7.737336683893272,7.772103596655029,-0.5008169881359179,0.008986790721962661,68.8,53.1,93.7,High,100,,,,,2,26.724137931034484,19.375,,7.7025697711315155,0.8010043942247332,0.07883843064565955,0.11,0.09314488724127279,1.8110483364720653,,-0.2368412110127427,,0.25,Fallback
2026-09-26,HDBK,,Financials,109.74528301886792,54.03979980893055,84.93117693926997,115.8225540696094,-0.22610635643749527,0.7274449323227511,66.9,56.7,82.4,Medium,90,,,,,2,5.859331714835447,2.4993232297624215,,,0.4244848329706899,0.6066768292682927,,-0.24045731707317072,0.025662357609113017,-0.3672339573693916,-0.3305580105556404,,0.25,Fallback
2026-09-26,HELI,,Unclassified,7.8104738154613464,7.442081520476422,9.416116671580259,11.390151822684095,0.20557560194881347,0.4192885920927197,61.2,67.7,89.1,High,100,,,,,2,9.188792724072172,3.2274685187856806,,7.442081520476422,0.3537984496124031,0.7377155172413793,0.8657327586206897,0.12676939655172415,0.8443410852713178,-0.45733949689890896,-0.33428500482673995,,0.25,Fallback
2026-09-26,HRHO,,Financials,24.229166666666668,16.758095116318284,23.861185604079125,30.964276091839963,-0.015187524509202101,0.5953677747300662,41.1,54.5,78.3,High,90,,,,,2,8.940651906519065,0.9630034446210918,,,0.0835496711664936,0.1375846099038119,,-0.644032775204845,1.2658142956040153,-0.171166464313675,-0.26441853321546793,,0.25,Fallback
2026-09-26,IFAP,,Consumer,20.068772748295764,17.058456836051395,20.06877274829576,23.079088660540123,-1.77026952437946e-16,,52.1,60.6,90.4,High,100,,,,,1,19.11311690313882,2.372195360318648,,,0.10806686377075278,0.1838893188854489,0.009063467492260061,-0.14082430340557275,0.10363657038890152,-0.43585286067791673,-0.2682833152919072,,0.25,Fallback
2026-09-26,IRON,,Materials & Chemicals,28.140898993724857,22.465006664243305,26.429419604992123,30.39383254574094,-0.06081822009717518,,55.0,57.2,80.0,High,80,,,,,1,14.733454970536576,,,,-0.2761778171614237,0.8337048595630852,,-0.12462327240303166,,,-0.06300527015577218,,0.25,Fallback
2026-09-26,ISMQ,,Materials & Chemicals,8.578418827479604,1.907292816191791,6.177639146892477,6.177639146892477,-0.2798627263216165,0.8336157580044938,72.0,56.7,82.6,Medium,90,,,,,3,16.820429073489418,11.914470593721672,1.907292816191791,6.177639146892477,0.705055020143209,0.4716952380952381,0.6129238095238095,0.3292,,-0.4707968095281341,-0.41710908281498027,,0.25,Fallback
2026-09-26,ISPH,,Healthcare,11.643564356435643,14.304230057260746,16.42441335419801,18.544596651135276,0.4106001265085025,0.25817461497282096,36.7,65.8,85.4,High,100,,,,,2,13.539028321436795,3.7439113686288246,,18.544596651135276,0.342365317182021,0.012932903039352633,0.0435311401184914,-0.0076688261644429455,8.809690787376475,-0.23864913425596923,-0.23517463251945003,,0.25,Fallback
2026-09-26,JUFO,,Unclassified,26.0,20.368271494682148,23.429636407772676,26.49100132086321,-0.09886013816258937,0.26132415030349654,52.2,57.7,88.5,High,100,,,,,2,17.105263157894736,4.377104377104377,,26.49100132086321,0.2871196522534889,0.0749320834701615,0.14893871092933694,-0.013494044242768009,0.9712880347746511,-0.2502926259182173,-0.23448350418932318,,0.25,Fallback
2026-09-26,KORA,,Energy & Utilities,6.702222222222222,,,,,,,,40.5,Low,10,,,,,0,,,,,,,,,,,,,0.25,Fallback
2026-09-26,MASR,,Unclassified,7.434579439252335,16.235658067088817,17.229950491691685,18.224242916294553,1.3175420523079957,0.11541442618564898,62.5,88.5,91.6,High,100,,,,,2,5.466602528862011,1.241165181845131,,16.235658067088817,0.2586765386395187,0.27822480298631275,0.34848610535047697,0.007726254666113646,0.5468918710473546,-0.374710855892899,-0.2864448751202776,,0.25,Fallback
2026-09-26,MBSC,,Materials & Chemicals,329.9086757990868,129.8572416187259,483.2039212797731,483.2039212797731,0.4646596368203502,1.6590842576163702,72.0,76.3,86.9,Medium,100,,,,,3,4.900604215672709,3.6554977927876653,129.8572416187259,483.2039212797731,0.8946037099494097,0.704515272244356,0.4897078353253652,0.1636570385126162,0.02948566610455312,-0.5106004796492751,-0.2857230888149712,,0.25,Fallback
2026-09-26,MCQE,,Materials & Chemicals,206.5625,122.06561023085123,374.85496183206106,374.85496183206106,0.81472901340786,0.7023509559838101,78.8,87.7,90.5,Medium,100,,,,,3,7.625046142488003,5.542326267775691,122.06561023085123,385.345351028874,0.5785491766800178,0.2451442579671884,0.3969451254007166,0.2049783141617952,0.06466399643969738,-0.4379086311330551,-0.24933686303131486,,0.25,Fallback
2026-09-26,MFPC,,Materials & Chemicals,46.96864111498258,13.58321378760423,59.747060507913154,59.747060507913154,0.2720627867782696,1.0140282936247504,77.0,73.0,87.9,Medium,100,,,,,3,8.762806178168391,2.9916331920371073,13.58321378760423,59.747060507913154,0.3417077613399085,0.4562522244631629,0.5853600664372998,0.21167991458061455,0.0028677417921720203,-0.2217747310497592,-0.2117838483651664,,0.25,Fallback
2026-09-26,MHOT,,Travel & Leisure,18.88888888888889,8.92488110599913,13.633433566811316,13.633433566811316,-0.27822998763940093,0.5034491595978492,90.4,64.2,94.3,High,100,,,,,3,13.687600644122385,4.01037980655815,8.92488110599913,15.788621777643396,0.39490616621983915,0.7372372372372372,0.9324324324324325,0.511011011011011,0.2488230563002681,,-0.4990387382443524,,0.25,Fallback
2026-09-26,MICH,,Materials & Chemicals,48.40915306773635,10.06590322148991,50.67969771147297,50.67969771147297,0.04690320941082296,1.000010891563168,74.6,66.7,87.4,Medium,100,,,,,3,11.027141928869328,3.6507656913828317,10.06590322148991,50.67969771147297,0.3703573883161512,0.4898818181818182,0.5878363636363636,0.1862181818181818,0.17933333333333334,-0.24179676517575022,-0.15261646048818434,,0.25,Fallback
2026-09-26,MIPH,,Healthcare,809.8471986417657,478.69272214879567,917.6905995816205,1356.6884770144454,0.13316512191525057,0.9567448498066039,46.9,60.6,82.2,Medium,100,,,,,2,28.139235533070384,1.4185199044363659,,1356.6884770144454,0.052586433260393875,0.05420751879699248,0.20721804511278197,-0.08052631578947368,0.7258935083880379,0.0482136971097884,-0.14689091637200868,,0.25,Fallback
2026-09-26,MOIL,,Energy & Utilities,36.49045209033301,0.9307342244003821,1.0949814404710378,1.2592286565416935,-0.9699926589629423,,80.8,45.0,96.2,High,100,,,,,1,280.6957853102539,64.01833700058422,1.0949814404710378,,0.2154952529403429,0.23381765067650673,0.5039591020910209,0.3671971094710947,0.8992489726512682,,-0.14941815953811388,,0.25,Fallback
2026-09-26,MOIN,,Financials,34.15384615384615,8.966508457070669,9.09220549896223,9.217902540853789,-0.733786775931286,0.0276494062757176,61.9,43.8,86.7,High,90,,,,,2,23.554376657824935,4.5599260552531575,,,0.19075757575757576,,,,0.006005050505050505,-0.24147777766075895,,,0.25,Fallback
2026-09-26,MPCI,,Healthcare,379.7802197802198,318.06812742490285,348.7314402276361,379.3947530303693,-0.08175459893764808,0.1758563138598436,74.3,64.9,93.5,High,100,,,,,2,16.649724672521693,12.172442941673712,,318.06812742490285,0.7312564286821378,0.30983880597014923,0.3277373134328358,-0.061570149253731346,0.11833002212171169,-0.12830386089952273,-0.20917310141417966,,0.25,Fallback
2026-09-26,MPRC,,Unclassified,38.977777777777774,42.350500735139676,51.325652251145385,60.300803767151095,0.3167926746302979,0.34973355904329184,72.4,74.0,91.9,High,100,,,,,2,8.661728395061727,1.8766383138073075,,42.350500735139676,0.20204216354344123,0.6890268700072621,0.5912127814088598,0.3357661583151779,0.012627768313458262,-0.320889932750961,-0.17509534325026965,,0.25,Fallback
2026-09-26,MTIE,,Unclassified,8.167400881057269,6.03008037671511,6.053565081259013,6.077049785802915,-0.2588137683679634,0.0077589665688431965,69.3,59.3,93.8,High,100,,,,,2,18.14977973568282,3.6625116058552774,,6.077049785802915,0.23352272727272727,0.0540386553885261,0.06332997326554762,0.040040320813428586,0.0548125,-0.21990738288910305,-0.16969932920836095,,0.25,Fallback
2026-09-26,NAPR,,Materials & Chemicals,52.15008823256246,12.415899657785722,16.74324488064946,16.74324488064946,-0.6789411974533344,1.5516081133751232,64.3,45.4,85.4,Medium,100,,,,,3,43.09924647319212,4.842162324286209,12.415899657785722,38.39485425882792,0.08763309596473381,0.03410716642470635,0.17579516959218688,0.050968721129734725,1.2139708375720584,0.1664487498812861,-0.13352094127215453,,0.25,Fallback
2026-09-26,NINH,,Unclassified,20.066666666666666,5.205964353227113,6.3550321887918475,7.504100024356581,-0.6833040437479145,0.3616245524582253,78.5,50.8,93.0,High,100,,,,,2,35.83333333333333,7.5438596491228065,,5.205964353227113,0.23230193982283118,0.3374280090398775,0.28635999125173145,0.2569074870598527,0.00560867273959196,-0.1861049751822067,-0.14513463870674903,,0.25,Fallback
2026-09-26,NIPH,,Healthcare,325.6,79.83756311029254,107.83784108619017,135.8381190620878,-0.6688026993667379,0.5193033854139978,47.5,41.6,85.6,High,100,,,,,2,67.83333333333334,14.753058450385138,,135.8381190620878,0.2175090579710145,0.107248771773113,0.28889236266190266,-0.32051362215274676,1.2264492753623188,0.05789648870565345,-0.1952940274229681,,0.25,Fallback
2026-09-26,OCDI,,Real Estate,27.984496124031008,27.98449612403101,28.8862046955653,28.8862046955653,0.03222171903820604,0.28573378997073123,53.7,61.4,88.6,High,100,,,,,3,8.99823026496174,2.164307511525987,,28.8862046955653,0.23993308639024974,0.17878288741485998,0.20349018385789966,-0.20829809019276144,0.7190823276377106,-0.05051049100329286,-0.209748525400832,,0.25,Fallback
2026-09-26,OCPH,,Healthcare,225.83333333333334,79.88054386533,114.43384045808597,114.43384045808597,-0.49328188727046807,1.0913596597939692,71.9,52.4,86.9,Medium,100,,,,,3,32.82461240310078,8.164617980236201,79.88054386533,204.76902105658405,0.27968425175499384,0.12699042407660738,0.28703146374829,0.2432763337893297,0.6403392485914856,-0.11762767949207764,-0.17958337514716716,,0.25,Fallback
2026-09-26,OIH,,Telecom & Technology,2.1085714285714285,,,,,,8.0,,81.6,High,100,,,,,0,,5.548872180451128,,,-0.2608895405669599,-0.38291248206599715,-0.15530846484935437,-0.6787661406025824,3.1207233626588464,,-0.3644341332323734,,0.25,Fallback
2026-09-26,OLFI,,Unclassified,22.425,25.05833400990501,28.034352908274137,31.010371806643263,0.25013836826194585,0.21231229471259,39.6,62.7,86.3,High,100,,,,,2,11.991978609625669,5.76478149100257,,31.010371806643263,0.5614615384615385,0.07232103046816943,0.14532243415077203,-0.094707290892577,2.6557692307692307,-0.16260604064943718,-0.24318333815473625,,0.25,Fallback
2026-09-26,ORAS,,Unclassified,,,,,,,,,35.0,Low,0,,,,,0,,,,,,,,,,,,,0.25,Fallback
2026-09-26,ORHD,,Travel & Leisure,40.690265486725664,3.1824052868051176,40.690265486725664,40.690265486725664,0.0,1.0701990195328455,62.9,62.0,85.1,Medium,100,,,,,3,8.602593126157645,2.420598779698136,3.1824052868051176,40.690265486725664,0.26240439301823887,0.18956540218892784,0.27156164771721036,0.01851521269436475,0.5828103549715631,-0.2557608311308277,-0.24223300491812383,,0.25,Fallback
2026-09-26,ORWE,,Unclassified,26.988017019741097,40.33453763091662,48.13322453405151,55.931911437186386,0.7835035637795541,0.3240458946446755,69.9,85.0,91.5,High,100,,,,,2,8.966118611209668,0.8957191178141751,,55.931911437186386,0.1402324192733453,0.10919951355604836,0.1482938693754918,0.12815652049502826,0.3869367507234394,-0.16939203163555105,-0.1641995420704213,,0.25,Fallback
2026-09-26,PHAR,,Healthcare,110.51196966105712,110.8656160449006,119.05336612596467,127.24111620702874,0.07728933337360848,0.1375475611903489,40.9,58.9,87.1,High,100,,,,,2,14.446009106020538,3.0629703342865056,,110.8656160449006,0.2034788316376764,0.1254552812626467,0.22996762444354513,-0.1489275596924322,1.6506399737446669,-0.08449497260883154,-0.19176276751527244,,0.25,Fallback
2026-09-26,PHDC,,Unclassified,13.52127659574468,17.05359733242933,17.973924589735002,18.894251847040675,0.3293067753226517,0.10240693430206953,48.8,67.7,89.0,High,100,,,,,2,9.58955786932247,2.0181009844395046,,17.05359733242933,0.1956964233788892,0.10065307343337156,0.20255247021287204,0.03644249464080961,1.70955704177571,-0.2814964300604451,-0.28084609130353444,,0.25,Fallback
2026-09-26,PHTV,,Travel & Leisure,347.25738396624473,321.365192330428,347.2573839662448,347.2573839662448,1.6369246986648239e-16,0.3562944768983074,77.8,67.7,92.9,High,100,,,,,3,9.879299686095157,3.4583944225300742,321.365192330428,445.09108029975584,0.32801659125188537,0.26865348980852377,0.4203211859172329,0.43638048177887584,0.02393288084464555,-0.42392914088575195,-0.3774025274619952,,0.25,Fallback
2026-09-26,POUL,,Unclassified,38.20459290187891,61.37281805634489,65.73369582153583,70.09457358672678,0.7205705081156102,0.13268317597813278,80.1,86.8,95.0,High,100,,,,,2,8.34161417071592,2.2659900890794136,,70.09457358672678,0.3013916015625,0.1547962382445141,0.1999373040752351,0.034754858934169276,0.037305908203125,,-0.20718410533210885,,0.25,Fallback
2026-09-26,PRDC,,Real Estate,7.259615384615385,6.874782608695652,15.994232510177042,15.994232510177042,1.2031790477594866,1.4343440757481671,68.0,88.5,86.1,Medium,100,,,,,3,12.304432855280314,0.9823566149682524,29.81601525580683,,0.04300583726000422,0.09004564865262848,0.14902076277426005,0.6595494036224415,0.8733384907518109,0.11570564909204784,-0.0668101484282001,,0.25,Fallback
2026-09-26,QNBE,,Financials,60.134883720930226,72.25407986295407,77.52757380739988,82.8010677518457,0.2892279657043062,0.13604176386447075,59.9,68.6,85.5,High,90,,,,,2,4.491029404102332,1.0242698640935144,,,0.2653245121054753,0.5721712746735759,,-3.1715303582995262,0.03710290642068404,-0.2536952197821404,-0.23586496848865524,,0.25,Fallback
2026-09-26,RAYA,,Unclassified,6.915887850467289,8.174108955102703,9.432721132019438,10.691333308936173,0.36392048800821614,0.2668608897265853,41.8,66.1,86.4,High,100,,,,,2,11.337521066339818,4.704685612562781,,10.691333308936173,0.285777045579352,0.0389736830280245,0.10706529065500352,0.014141665293650674,2.8261394838001097,-0.45270259577981653,-0.2406920149828924,,0.25,Fallback
2026-09-26,RMDA,,Healthcare,5.77832512315271,2.4949238471966417,4.026191423853392,5.557459000510143,-0.3032251841072135,0.7606531411222386,57.8,53.3,85.9,Medium,100,,,,,2,38.52216748768473,5.024630541871922,,5.557459000510143,0.1393681550126369,0.0754010938924339,0.24658158614402917,0.034480401093892436,1.016849199663016,-0.11813979377827954,-0.2225897101454163,,0.25,Fallback
2026-09-26,SAUD,,Financials,23.29675165717744,27.35834091898261,27.963746001445266,28.569151083907926,0.20032811496404412,0.04329928346734152,56.4,65.5,85.5,High,90,,,,,2,5.042586938782995,1.0479870291127953,,,0.24020032150364784,0.45396120588922645,,-1.7619770974526758,0.41158649684679116,-0.2158200783423666,-0.21506520768516946,,0.25,Fallback
2026-09-26,SCEM,,Materials & Chemicals,84.58264637092137,72.70590287025507,141.38702052284108,141.38702052284108,0.6715842621288386,0.7257657687451575,96.6,89.4,93.9,Medium,100,,,,,3,6.67582055019111,3.0982654348322844,72.70590287025507,141.38702052284108,0.4517623929223424,0.349370112945265,0.3991094700260643,0.29745873153779323,0.024888358376632495,,-0.309728084320681,,0.25,Fallback
2026-09-26,SCTS,,Unclassified,572.937293729373,278.53215321802236,288.14206102079976,297.75196882357716,-0.49707923681277466,0.06670256864778726,82.7,57.3,96.0,High,100,,,,,2,25.784756693491136,13.201320132013203,,278.53215321802236,0.5280728376327769,0.6825760052304675,0.7420725727361883,0.455050670153645,0.0011962569549822965,-0.19870874864091492,-0.15860089317366188,,0.25,Fallback
2026-09-26,SKPC,,Materials & Chemicals,17.212389380530972,1.563329426001827,4.033451941887379,6.503574457772931,-0.7656657740702962,1.2248181217846388,57.9,41.4,84.1,Medium,100,,,,,2,36.62210506495952,2.8735207646963223,,1.563329426001827,0.09107773851590106,0.04018187723286781,0.030439753166612536,-0.006446898343618058,0.35203180212014135,-0.02224445745082626,-0.19718545130624343,,0.25,Fallback
2026-09-26,SPHT,,Travel & Leisure,73.44901354884716,,,,,,74.3,,83.9,High,80,,,,,0,,133.5436609979039,,,-0.01491658488714426,,,,0.0,,,,0.25,Fallback
2026-09-26,SPIN,,Unclassified,16.79973386560213,0.13400178614922464,0.2341163070541667,0.33423082795910874,-0.9860642847721818,0.855254571239917,43.9,31.9,82.4,Medium,100,,,,,2,1679.9733865602127,8.038150174929248,,0.33423082795910874,0.006596498679373001,0.007341861907997755,0.05874966762194581,-0.07235500930658552,0.5296975166903362,,-0.29174731389658937,,0.25,Fallback
2026-09-26,SUGR,,Unclassified,57.0323488045007,,,,,,5.4,,81.1,High,100,,,,,0,,2.970434833567745,,,-0.5633699633699634,-0.16838186993650098,-3.18743157433764,-0.07432340705058026,2.2677655677655677,,-0.18691209344374493,,0.25,Fallback
2026-09-26,SVCE,,Materials & Chemicals,10.906979637539916,0.48124853272145623,0.4918264894360711,0.5024044461506859,-0.9549071781757719,0.04301499387210127,46.6,35.0,89.0,High,100,,,,,2,,1.6962643293219155,0.5024044461506859,0.48124853272145623,-0.09032226877215598,-0.10162073966642494,0.08917693981145758,0.01629804205946338,0.6197228488559459,,-0.3381693799663975,,0.25,Fallback
2026-09-26,SWDY,,Unclassified,118.4626168224299,102.10936104570919,113.42863738657458,124.74791372743996,-0.042494244774290466,0.1995841015402189,48.9,58.2,88.3,High,100,,,,,2,15.54627517354723,3.6028776405848504,,124.74791372743996,0.24409075961854654,0.057888596348935,0.10019528081755905,-0.00953943674274092,1.1112660309108846,-0.27848351294501805,-0.283482225475463,,0.25,Fallback
2026-09-26,TALM,,Unclassified,20.39398397907471,11.256150036534871,12.395630553426766,13.535111070318663,-0.39219180685121025,0.18385196492918826,62.0,53.5,91.0,High,100,,,,,2,24.278552356041324,6.642991524128571,,13.535111070318663,0.15978871488938604,0.26099472188388145,0.5286236297198539,-0.018574908647990256,0.6216753666418096,-0.21524851802565148,-0.24552444923820582,,0.25,Fallback
2026-09-26,TAQA,,Unclassified,17.172932330827066,11.120755575138224,11.992463522731896,12.864171470325566,-0.3016647773540533,0.14537595981698595,52.9,53.1,89.5,High,100,,,,,2,17.88847117794486,5.188197078799718,,11.120755575138224,0.23970808383233533,0.04341342732233029,0.07401633510692378,0.07499915274341681,2.625,-0.18274165797437714,-0.20960832934878237,,0.25,Fallback
2026-09-26,TMGH,,Unclassified,91.83009708737865,87.00717687574232,93.7542582438304,100.5013396119185,0.02095349147481432,0.14393119831508214,56.7,62.3,90.3,High,100,,,,,2,12.244012944983819,2.0640615214065776,,87.00717687574232,0.09237168607013937,0.22631232154623326,0.3242843546379676,-0.05526026795519438,0.4411321747029715,-0.36571288034119254,-0.25812185696262,,0.25,Fallback
2026-09-26,UBEE,,Financials,15.418181818181818,9.708564329379966,14.853675775429242,19.998787221478516,-0.03661300984833927,0.692772822544067,61.0,59.7,81.5,Medium,90,,,,,2,9.820497973364215,0.9488111888111888,,,0.1216374269005848,0.34782608695652173,,-3.3468705207835643,0.3791701475912002,0.11617900762012123,-0.15884855844560064,,0.25,Fallback
2026-09-26,VALU,,Unclassified,10.620853080568722,4.78386376552732,5.6280750182674355,6.47228627100755,-0.47009199961872883,,49.0,46.6,84.3,High,90,,,,,1,25.28774542992553,8.107521435548643,,,0.3305375953505267,0.616928813559322,,-7.429830508474576,5.580820922629858,0.11994446021554528,-0.3174790575406734,,0.25,Fallback
2026-09-26,ZMID,,Real Estate,8.04,5.713771830428605,8.04,8.04,0.0,0.5227914731386071,62.2,61.3,83.0,High,90,,,,,3,11.652173913043478,3.045454545454545,,9.917015274463006,0.31843323216995445,0.7630818181818182,0.8464181818181818,-0.1905090909090909,,-0.20436346381319848,-0.1747919824477785,,0.25,Fallback
2026-09-27,ABUK,Abu Qir Fertilizers \u0026 Chemical Industries Company (S.A.E) (EGX:ABUK) Stock Price \u0026 Overview,Materials & Chemicals,90.63492063492063,57.55210106075061,82.21728722964373,106.88247339853686,-0.09287406384105865,0.8381084485419887,79.0,65.4,91.8,Medium,100,1.0,45.35629680794707,Review Required,Extreme valuation disagreement; Negative EPS CAGR; CAPM beta unavailable,3,13.837392463346662,4.920462575185701,17.96306119452733,82.21728722964373,0.43034162292401684,0.3877044732149779,0.4239088301418715,0.16276455539189083,0.0034205317958867568,-0.18675214924225159,-0.19283296081442047,,0.25,Fallback
2026-09-27,ACAP,A Capital Holding (EGX:ACAP) Stock Price \u0026 Overview,Materials & Chemicals,8.355441293110522,7.573772541749888,8.490129737986566,9.406486934223246,0.016119848150582004,0.031728241860291176,37.6,55.4,82.4,High,80,1.0,50.805992407529104,Review Required,Negative EPS CAGR; CAPM beta unavailable,2,13.262605227159558,3.8327712353717986,,8.62481818286261,0.3831467661691542,,,,1.5093283582089552,-0.5433288596037058,,,0.25,Fallback
2026-09-27,ADIB,Abu Dhabi Islamic Bank - Egypt - S.A.E (EGX:ADIB) Stock Price \u0026 Overview,Financials,51.0,41.167052427791546,53.99189758683609,66.81674274588065,0.05866465856541351,0.5501310924231272,59.3,62.9,86.6,Medium,90,1.0,52.93323292827068,Review Required,High valuation disagreement; Negative free cash flow; Negative EPS CAGR,2,5.345911949685535,1.756198347107438,,,0.31871231054960675,0.5400365204553401,,-2.699055907377909,0.24501868708871208,-0.2331429239807583,-0.3050215422584154,,0.25,Fallback
2026-09-27,ALCN,Alexandria Container\u0026Cargo Handling Company (EGX:ALCN) Stock Price \u0026 Overview,Consumer,33.493288590604024,16.148248296193955,23.068926137419936,29.989603978645917,-0.31123735207382613,1.2314430123659288,81.3,59.5,87.9,Medium,90,1.0,34.438132396308696,Review Required,Extreme valuation disagreement; Negative EPS CAGR; CAPM beta unavailable,2,13.955536912751677,12.313709040663243,8.864892190064179,,0.8911514253980007,0.9421972860125261,,0.6394832985386222,0.004052819943230902,-0.27041748415797606,-0.17996249519174812,,0.25,Fallback
2026-09-27,AMES,Alexandria New Medical Center (EGX:AMES) Stock Price \u0026 Overview,Materials & Chemicals,48.98192820345081,1.9780117255004348,2.8257310364291928,3.6734503473579507,-0.9423107431644532,2.0163043014204316,64.6,40.0,89.4,Medium,100,1.0,2.884462841777342,Review Required,Extreme valuation disagreement; Negative EPS CAGR; CAPM beta unavailable,3,113.9114609382577,20.58064210229026,0.005386604269213967,2.8257310364291928,0.1806205990364206,0.10878652597402598,0.17130681818181817,0.0002840909090909091,0.0704154172703076,-0.13353670915997207,-0.11001452188367344,,0.25,Fallback
2026-09-27,AMIA,Arab Moltaqa Investments Company (EGX:AMIA) Stock Price \u0026 Overview,Financials,18.822100789313904,4.246945679648237,4.889144714238174,5.531343748828111,-0.7402444727628944,0.12540808024742975,35.7,37.8,89.6,High,100,1.0,12.987776361855282,Review Required,Negative free cash flow; High debt/equity; Negative EPS CAGR,2,26.14180665182487,5.53591199685703,,,0.2075068493150685,0.18309427880741339,0.2125503626107977,-0.3437792103142627,3.2515981735159816,-0.28989565312148535,-0.22867820034059982,,0.25,Fallback
2026-09-27,AMOC,Alexandria Mineral Oils Company (EGX:AMOC) Stock Price \u0026 Overview,Energy & Utilities,13.418604651162791,10.85768887678594,15.510984109694201,20.164279342602462,0.15593122481256605,1.1845058078434358,66.1,67.8,89.7,Medium,100,1.0,57.7965612406283,Review Required,Extreme valuation disagreement; Negative EPS CAGR; CAPM beta unavailable,3,11.770705834353327,4.1288014311270125,1.7373221520199453,15.510984109694201,0.349146110056926,0.036819330148327875,0.03619400185097176,0.007849871182370745,0.006698292220113852,-0.21959181133878913,-0.23930814981761206,,0.25,Fallback
2026-09-27,ARAB,Arab Developers Holding (EGX:ARAB) Stock Price \u0026 Overview,Financials,0.22301255230125522,0.10545201506890446,0.15064573581272067,0.19583945655653687,-0.32449660676847575,1.0419550631044,41.9,48.9,86.0,Medium,100,1.0,33.775169661576214,Review Required,Extreme valuation disagreement; Negative free cash flow,2,22.30125523012552,1.31183854294856,,,0.04009515928837402,0.060949685534591194,0.0730440251572327,-0.42563522012578614,1.1373603640877121,0.0,-0.08675037897698545,,0.25,Fallback
2026-09-27,ARCC,Arabian Cement Company S.A.E. (EGX:ARCC) Stock Price \u0026 Overview,Materials & Chemicals,67.00989676421159,78.10283833371312,111.5754833338759,145.04812833403867,0.6650597705959418,1.1379355242315567,71.6,82.1,90.5,Medium,100,1.0,83.25298852979708,Review Required,Extreme valuation disagreement; Negative EPS CAGR; CAPM beta unavailable,3,5.786692293973367,5.239241342002471,26.6152624115843,111.5754833338759,0.910740354535975,0.3352011053116365,0.3987565244089653,0.14207859993859379,0.267570385818561,-0.6400203949643394,-0.2841497070118345,,0.25,Fallback
2026-09-27,ATQA,Misr National Steel - Ataqa (EGX:ATQA) Stock Price \u0026 Overview,Materials & Chemicals,12.608333333333333,2.6409764812073653,3.772823544581951,4.904670607956536,-0.7007674650695082,1.3550443770329168,62.6,45.4,89.1,Medium,100,1.0,14.961626746524594,Review Required,Extreme valuation disagreement; CAPM beta unavailable,2,,6.335845896147403,6.328995209393536,1.2166518797703652,-0.025660377358490565,-0.011072914781979373,0.02825764429165913,0.2549303419576624,0.14929140461215934,,-0.15600133696049956,,0.25,Fallback
2026-09-27,AXPH,Alexandria Co. For Pharmaceuticals \u0026 Chemical Industries (EGX:AXPH) Stock Price \u0026 Overview,Healthcare,1655.9999999999998,1244.8018524630158,1655.9999999999998,2067.1981475369835,0.0,0.5932322404274971,80.5,68.5,93.5,Medium,100,1.0,50.0,Review Required,High valuation disagreement; Negative EPS CAGR; CAPM beta unavailable,3,16.59318637274549,7.627118644067796,751.8508656065743,1734.2434557545093,0.4594843462246777,0.16008982996470966,0.2214661533525826,0.17420596727622714,0.005847145488029466,-0.2518011036859611,-0.1874568110710234,,0.25,Fallback
2026-09-27,BINV,B Investments Holding S.A.E. (EGX:BINV) Stock Price \u0026 Overview,Financials,56.97014105147463,21.664585992508403,28.543709239569672,35.42283248663094,-0.498970711450769,0.5640125169891868,68.1,52.5,91.8,Medium,100,1.0,25.05146442746155,Review Required,High valuation disagreement; Negative EPS CAGR,2,20.05990882094177,2.0983477367025647,,,0.09187627069416207,0.7899165959146981,0.7701143684762524,0.11572941117714629,0.0030119082195759514,-0.2577121929951285,-0.2729845075962264,,0.25,Fallback
2026-09-27,BIOC,GlaxoSmithKline S.A.E (EGX:BIOC) Stock Price \u0026 Overview,Healthcare,255.6580050293378,35.90823615245558,41.44293507051772,46.97763398857986,-0.8378969785602373,0.13419951155915996,44.8,38.0,90.9,High,100,1.0,8.10515107198814,Review Required,Negative free cash flow; CAPM beta unavailable,2,109.72446567782738,9.787825613680619,,44.223745892538446,0.08802016498625115,0.053084577114427864,0.12184355997788833,-0.36014372581536763,0.8194317140238313,-0.04508841667905594,-0.1291608882270624,,0.25,Fallback
2026-09-27,BONY,Bonyan for Development and Trade (EGX:BONY) Stock Price \u0026 Overview,Financials,4.2032085561497325,7.337051156339135,8.600664439778313,9.86427772321749,1.046214058827665,0.18768170402971726,79.9,92.9,91.9,High,90,1.0,100,Quantitative Pass,,2,3.891859774212715,0.6021788762392166,,,0.15411638918588666,,,,0.08675729341683214,1.010336261506363,,,0.25,Fallback
2026-09-27,BTFH,Beltone Holding S.A.E (EGX:BTFH) Stock Price \u0026 Overview,Financials,2.8199626865671643,1.198794957154748,1.7125642245067831,2.226333491858818,-0.3926996861821795,1.494353382857143,28.4,42.3,80.0,Medium,90,1.0,30.365015690891024,Review Required,Extreme valuation disagreement; Negative free cash flow; High debt/equity,2,46.99937810945274,1.2702534624176414,,,0.02815194317439582,0.053741427680798,,-0.27072942643391523,2.628061724363161,,-0.5366995656125879,,0.25,Fallback
2026-09-27,CANA,Suez Canal Bank (S.A.E) (EGX:CANA) Stock Price \u0026 Overview,Financials,47.49,30.697944723630734,37.72557849440719,44.75321226518364,-0.20561005486613632,0.3451319821980516,53.4,54.9,86.9,High,90,1.0,39.71949725669319,Review Required,Negative free cash flow; Negative EPS CAGR,2,7.747145187601958,2.050518134715026,,,0.30079440462827045,0.4559853393546698,,-4.362065580208129,0.4878248855884639,-0.3871374568434267,-0.33500162012016776,,0.25,Fallback
2026-09-27,CCAP,QALA For Financial Investments (EGX:CCAP) Stock Price \u0026 Overview,Financials,6.583924349881796,0.38967853804278096,0.43297615338086776,0.47627376871895455,-0.9342373741902668,,63.3,38.0,82.0,Medium,100,0.5,3.2881312904866604,Review Required,Only one usable valuation method,1,109.73207249802994,,,,0.0026804273919378337,0.0013152767765113827,0.2693946128226974,0.287399534088404,0.942921321029626,,-0.2286874988870108,,0.25,Fallback
2026-09-27,CICH,CI Capital Holding For Financial Investments (S.A.E) (EGX:CICH) Stock Price \u0026 Overview,Financials,11.9,10.088459256607035,11.793527760778504,13.498596264949976,-0.00894724699340303,0.1783065215963563,40.9,56.5,86.1,High,90,1.0,49.55263765032985,Review Required,Negative free cash flow; High debt/equity; Negative EPS CAGR,2,6.685393258426966,1.4930991217063991,,,0.22141967621419675,0.35595595595595597,,-1.1863863863863864,3.8428393524283937,-0.1750687001493958,-0.10950518565467215,,0.25,Fallback
2026-09-27,CIEB,Credit Agricole - Egypt Bank (S.A.E.) (EGX:CIEB) Stock Price \u0026 Overview,Financials,24.072,24.037804146122404,30.00451036530601,35.97121658448962,0.2464485861293624,0.3954412382056886,61.6,68.5,87.9,High,90,1.0,62.32242930646812,Review Required,Negative free cash flow; Negative EPS CAGR,2,4.833734939759036,1.3478163493840984,,,0.3133231789266195,0.5346686033177892,,-0.47748643070101676,0.09766149986560343,-0.23674075482303436,-0.22774050924517852,,0.25,Fallback
2026-09-27,CIRA,Cairo For Investment And Real Estate Developments-CIRA Education (EGX:CIRA) Stock Price \u0026 Overview,Consumer,39.07067725939017,17.720186440303777,25.314552057576826,32.908917674849874,-0.3520831008504524,0.844765544830063,65.6,55.0,89.8,Medium,100,1.0,32.39584495747738,Review Required,Extreme valuation disagreement; Negative EPS CAGR; CAPM beta unavailable,3,23.969740649932625,9.150041512737747,15.658490271545647,37.04335163259353,0.3308097432521396,0.16817269076305222,0.4206827309236948,0.28329986613119146,1.3127057274522713,-0.23042134359576705,-0.2528921352200645,,0.25,Fallback
2026-09-27,CLHO,Cleopatra Hospitals Group S.A.E. (EGX:CLHO) Stock Price \u0026 Overview,Healthcare,15.49655172413793,6.25554456433592,8.586757202422964,10.91796984051001,-0.4458923923670094,0.685957170154636,51.6,48.9,88.6,Medium,100,1.0,27.70538038164953,Review Required,High valuation disagreement; Negative free cash flow; CAPM beta unavailable,2,45.578093306288025,5.937376139516449,,11.531831038112461,0.1509688013136289,0.07892813343144468,0.20750551876379691,-0.026204316899681137,0.9329110954726718,-0.09530287298975992,-0.20749898763601127,,0.25,Fallback
2026-09-27,CNFN,Contact Financial Holding S.A.E. (EGX:CNFN) Stock Price \u0026 Overview,Financials,4.3,2.384903399021675,3.40700485574525,4.429106312468825,-0.20767328936156976,0.8562430799425952,55.2,54.6,84.1,Medium,90,1.0,39.616335531921514,Review Required,Extreme valuation disagreement; High debt/equity,2,15.925925925925924,1.1911357340720221,,,0.06762350936967632,0.05423740392826644,,0.29615713065755767,2.0585604770017034,0.08178074106640287,-0.21792916096753212,,0.25,Fallback
2026-09-27,COMI,Commercial International Bank Egypt (CIB) S.A.E. (EGX:COMI) Stock Price \u0026 Overview,Financials,128.0175953079179,94.68654153319332,118.32753524395754,141.9685289547218,-0.07569318921085083,0.3991713395203663,60.0,60.0,87.6,High,90,1.0,46.21534053945746,Review Required,Negative free cash flow; Negative EPS CAGR,2,6.508266156986166,1.8217958632121518,,,0.3699709751023421,0.6338257907822313,,-0.7349855568170387,0.1667883027984699,-0.28525231429707454,-0.279388592655322,,0.25,Fallback
2026-09-27,CPCI,Kahira Pharmaceuticals \u0026 Chemical Industries Company (EGX:CPCI) Stock Price \u0026 Overview,Materials & Chemicals,561.2860013395848,246.05974100174177,351.51391571677397,456.96809043180616,-0.3737347539795424,1.1084403054219514,73.8,56.8,90.8,Medium,100,1.0,31.313262301022878,Review Required,Extreme valuation disagreement; Negative EPS CAGR; CAPM beta unavailable,3,16.615926623433534,7.2172560285403735,58.378612476282875,351.51391571677397,0.4345305770887166,0.21081905557877142,0.28194316757208526,0.06422900125365649,0.1449526270456503,-0.24439863081719848,-0.1499658698797981,,0.25,Fallback
2026-09-27,CSAG,Canal Shipping Agencies Company (EGX:CSAG) Stock Price \u0026 Overview,Industrials,37.53333333333333,8.982968839981837,12.832812628545481,16.682656417109126,-0.6580955782803157,4.3206903594718264,75.6,49.2,87.1,Medium,90,1.0,17.095221085984214,Review Required,Extreme valuation disagreement; Negative EPS CAGR; CAPM beta unavailable,3,9.929453262786597,6.573263280793928,12.832812628545481,3.3183103469437576,0.6619964973730298,6.873560431567463,0.3733179779367196,4.329191417141471,,-0.29251603585831,-0.20032774183264868,,0.25,Fallback
2026-09-27,DOMT,Arabian Food Industries Company (DOMTY) - S.A.E (EGX:DOMT) Stock Price \u0026 Overview,Consumer,25.65372775202576,12.501148712783872,17.858783875405532,23.216419038027194,-0.30385228813401965,0.9042756673114791,54.3,50.9,79.6,Medium,100,0.6666666666666666,34.80738559329902,Review Required,Extreme valuation disagreement; Negative EPS CAGR; CAPM beta unavailable,2,40.72020278099327,4.759504221155058,,25.933415728557442,0.144257555847569,0.02263971952979996,0.09894411218808001,0.03663023303773974,1.557161629434954,-0.1972584382397693,-0.19098370986408597,,0.25,Fallback
2026-09-27,EAST,Eastern Company S.A.E (EGX:EAST) Stock Price \u0026 Overview,Consumer,31.68,29.630026967861493,38.30321073031132,46.97639449276115,0.20906599527497857,0.505739607420042,54.3,66.3,90.1,Medium,100,1.0,60.45329976374893,Review Required,High valuation disagreement; Negative free cash flow; Negative EPS CAGR; CAPM beta unavailable,2,10.25242718446602,7.167420814479638,,28.617485351473924,0.7832880434782609,0.2500843495445125,0.26668915987853664,-0.1277052103918639,1.738149154589372,-0.1602959532362943,-0.17330314592819518,,0.25,Fallback
2026-09-27,EFIC,Egyptian Financial and Industrial SAE (EGX:EFIC) Stock Price \u0026 Overview,Materials & Chemicals,175.0,49.93182268403949,71.33117526291356,92.73052784178763,-0.5923932842119225,0.8844200159375442,33.7,39.8,84.8,Medium,100,1.0,20.380335789403876,Review Required,Extreme valuation disagreement; Negative free cash flow; High debt/equity; CAPM beta unavailable,2,58.333333333333336,5.636070853462158,,102.87453484434845,0.1409591245574509,0.03642684854029776,0.19105048656741247,-0.23396822756383598,2.6746057289990346,-0.030467495661483546,-0.2552848005713042,,0.25,Fallback
2026-09-27,EFID,Edita Food Industries Company (S.A.E) (EGX:EFID) Stock Price \u0026 Overview,Consumer,29.48201438848921,20.637410071942444,29.48201438848921,38.32661870503597,0.0,1.000842551544196,64.0,63.3,89.3,Medium,100,1.0,50.0,Review Required,Extreme valuation disagreement; Negative EPS CAGR; CAPM beta unavailable,3,13.045139109950979,6.904453018381548,5.591849574592204,29.48201438848921,0.5386569296713765,0.14185968726482148,0.1966719625386738,0.06028932184965298,0.9888871249404667,-0.3036643069505033,-0.26158003338274316,,0.25,Fallback
2026-09-27,EFIH,e-finance for Digital and Financial Investments S.A.E. (EGX:EFIH) Stock Price \u0026 Overview,Telecom & Technology,22.95942028985507,11.381229571056755,16.258899387223938,21.13656920339112,-0.29184190271528104,0.85236504801547,79.6,60.6,91.8,Medium,100,1.0,35.407904864235945,Review Required,Extreme valuation disagreement; Negative EPS CAGR; CAPM beta unavailable,3,33.763853367433924,7.972020933977456,4.216856375512243,18.07537393238207,0.30824834141994256,0.4033428349313294,0.43016325472920447,0.34970199533557916,0.020535696603624122,-0.2512752077679591,-0.23952821576159056,,0.25,Fallback
2026-09-27,EGAL,Egypt Aluminum (EGX:EGAL) Stock Price \u0026 Overview,Materials & Chemicals,356.969696969697,315.618587672653,415.17704363540713,514.7354995981613,0.1630596298784749,0.5591903742171511,81.8,73.0,93.9,Medium,100,1.0,58.15298149392375,Review Required,High valuation disagreement; Negative EPS CAGR; CAPM beta unavailable,3,9.506516563773555,4.344811306836624,265.84781988298755,415.17704363540713,0.45706951492977693,0.29152944276116455,0.378323955059563,0.2980973709467979,0.006273751917856721,-0.36618039170371053,-0.2774666827954466,,0.25,Fallback
2026-09-27,EGAS,Egypt Gas Company SAE (EGX:EGAS) Stock Price \u0026 Overview,Energy & Utilities,54.98543891277215,23.090097187586274,31.23534655687514,39.380595926164006,-0.4319342143212443,0.6430810305827751,67.7,54.0,91.3,Medium,100,1.0,28.403289283937784,Review Required,High valuation disagreement; Negative EPS CAGR; CAPM beta unavailable,2,23.498050817423998,1.5859659334517493,21.19191712967244,,0.06948589717943589,0.03439889086947911,-0.04214795008912656,0.056150722915428795,0.22504500900180036,-0.14169404025974763,-0.1175380373068724,,0.25,Fallback
2026-09-27,EGBE,Egyptian Gulf Bank (S.A.E) (EGX:EGBE) Stock Price \u0026 Overview,Financials,26.660268714011515,37.44090573091406,46.61401684688201,55.78712796284996,0.74844512435029,0.3871547432695911,59.2,80.4,87.6,High,90,1.0,87.4222562175145,Review Required,Negative free cash flow; Negative EPS CAGR,2,3.4578818046707545,0.9559078061674978,,,0.3213772332124033,0.39480322906155396,,-1.2439455095862766,0.09822712026832775,-0.3141544948372569,-0.24883570184780923,,0.25,Fallback
2026-09-27,EGCH,Egyptian Chemical Industries (EGX:EGCH) Stock Price \u0026 Overview,Materials & Chemicals,14.175879396984925,7.6569048026791116,9.732197967786366,11.80749113289362,-0.3134677789473638,0.4529597001526221,60.8,55.2,91.4,High,100,1.0,34.32661105263181,Review Required,Negative free cash flow; Negative EPS CAGR; CAPM beta unavailable,2,15.750977107761027,0.6550776061453293,,7.528051231129131,0.04173063503140265,0.15973644377170332,0.2744190187872852,-0.01305938919063307,0.3148639218422889,-0.1239914599647125,-0.20701387862391318,,0.25,Fallback
2026-09-27,EGSA,The Egyptian Satellite Company Nilesat (EGX:EGSA) Stock Price \u0026 Overview,Travel & Leisure,465.7020364415863,8.922216817070579,10.987297726478985,13.052378635887392,-0.9764070223732915,0.3518066628636586,72.2,39.0,81.4,Medium,90,0.6666666666666666,1.1796488813354244,Review Required,Negative EPS CAGR; CAPM beta unavailable,2,342.4279679717546,25.282412401823358,9.054595452957967,,0.0839660237949792,0.5888412892696858,0.613015095879233,0.4978580171358629,,-0.11700795627040539,0.026541752485211623,,0.25,Fallback
2026-09-27,EGTS,Egyptian Resorts Company (S.A.E) (EGX:EGTS) Stock Price \u0026 Overview,Industrials,18.104761904761904,3.0765951048333435,3.4184390053703817,3.7602829059074203,-0.8111856414708627,,28.3,33.1,85.2,High,90,1.0,9.440717926456863,Review Required,Only one usable valuation method; CAPM beta unavailable,1,,38.52077001013171,3.4184390053703817,,-0.2099190601891509,-0.11211951447245565,-0.3142390289449113,0.4840896358543418,,,-0.34658091231574406,,0.25,Fallback
2026-09-27,ELEC,Electro Cable Egypt (EGX:ELEC) Stock Price \u0026 Overview,Industrials,1.933534743202417,2.0891403526710906,2.321267058523434,2.5533937643757776,0.20053030683008838,,30.2,56.8,77.0,Medium,100,0.5,60.02651534150442,Review Required,Only one usable valuation method; High debt/equity; CAPM beta unavailable,1,,1.7903099474096453,,2.321267058523434,-0.053599553197430885,-0.02088801828272935,0.18990096854935248,0.34127761453912286,2.9681653169505724,,-0.21953159858811766,,0.25,Fallback
2026-09-27,EMFD,Emaar Misr for Development Company (S.A.E.) (EGX:EMFD) Stock Price \u0026 Overview,Real Estate,13.392660550458716,12.55873026675739,17.941043238224843,23.323356209692296,0.3396175592317494,0.8621052666062549,65.3,70.7,83.4,Medium,100,0.75,66.98087796158747,Review Required,Extreme valuation disagreement; Negative free cash flow; CAPM beta unavailable,3,10.977590615130095,1.0153647119377345,,17.941043238224843,0.10003619455967926,0.33483994222077257,0.3657797865896277,-0.16201481757606823,0.05223153381407133,-0.0653868561604043,-0.12383520263843129,,0.25,Fallback
2026-09-27,ENGC,Industrial Engineering Company for Construction and Development (ICON) (S.A.E.) (EGX:ENGC) Stock Price \u0026 Overview,Materials & Chemicals,40.27491408934708,51.525221307514876,73.60745901073554,95.68969671395621,0.827625475437205,1.2741450698305843,57.6,82.2,88.4,Medium,100,1.0,91.38127377186025,Review Required,Extreme valuation disagreement; Negative EPS CAGR; CAPM beta unavailable,3,7.2567412773598345,1.9215130767818263,3.5467311880866794,97.33331218937218,0.23846946867565424,0.11784846505551927,0.2651861528412802,0.009737426518615285,0.5408406026962728,-0.3656683595911463,-0.22800684660362291,,0.25,Fallback
2026-09-27,ETEL,Telecom Egypt Company (EGX:ETEL) Stock Price \u0026 Overview,Unclassified,135.75438596491227,,,,,,66.6,,66.5,Low,100,0.0,,Review Required,Sector classification unresolved; Low valuation-method coverage; Only one usable valuation method; Negative EPS CAGR; CAPM beta unavailable,0,9.172593646277855,3.1475628556668735,,,0.37261423180300274,0.23773601247185172,0.44341763381257576,0.09113978867140135,0.9886786305758423,-0.2164910814834866,-0.20317973216479845,,0.25,Fallback
2026-09-27,EXPA,Export Development Bank of Egypt (S.A.E.) (EGX:EXPA) Stock Price \u0026 Overview,Financials,21.75,,,,,,57.3,,56.6,Low,70,0.0,,Review Required,Low valuation-method coverage; Only one usable valuation method; Missing EPS; Missing BVPS; Negative free cash flow; Negative EPS CAGR,0,,,,,0.2637812386816371,0.4564427174730509,,-1.463023314113813,0.07048170952553423,-0.36441452987852463,-0.3149117941320472,,0.25,Fallback
2026-09-27,FAIT,Faisal Islamic Bank of Egypt (EGX:FAIT) Stock Price \u0026 Overview,Financials,49.35281443153044,77.05521093775351,90.3474111081538,103.63961127855409,0.8306435438144498,0.1884927971865558,79.5,88.6,91.8,High,90,1.0,91.53217719072249,Review Required,Negative free cash flow,2,4.35210003805383,0.672840005883169,,,0.16141382519671715,0.5011492743153608,,-0.18506600118211072,0.0021302563668669093,2.287249954473702,-0.16545519799720987,,0.25,Fallback
2026-09-27,FERC,Ferchem Misr for fertilizers and chemicals S.A.E (EGX:FERC) Stock Price \u0026 Overview,Energy & Utilities,76.875,69.40670426065162,77.42301065162907,85.43931704260652,0.00712859384232937,0.014156273361543313,51.3,61.2,92.6,High,100,1.0,50.35642969211647,Review Required,Negative free cash flow; Negative EPS CAGR; CAPM beta unavailable,2,17.392533936651585,7.566437007874016,,76.875,0.4512795275590551,0.1729862290133937,0.2819279381248821,-0.05711092246745897,1.2561515748031495,-0.43700628338242875,-0.6507368554609234,,0.25,Fallback
2026-09-27,FWRY,Fawry for Banking Technology and Electronic Payments S.A.E. (EGX:FWRY) Stock Price \u0026 Overview,Telecom & Technology,18.730205278592376,14.226536963820944,20.32362423402992,26.4207115042389,0.08507215653737327,0.8737513783059171,73.6,68.2,90.8,Medium,100,1.0,54.25360782686866,Review Required,Extreme valuation disagreement; Negative EPS CAGR; CAPM beta unavailable,3,22.035535621873382,7.041430555861795,4.1050891255323485,21.86288381218753,0.34717625707270205,0.32172536604669566,0.3922635536208943,0.2569252077562327,0.4846802604889506,-0.32399102157964843,-0.30339937689961227,,0.25,Fallback
2026-09-27,GBCO,GB Corp (EGX:GBCO) Stock Price \u0026 Overview,Industrials,30.284403669724767,26.33426820551588,35.13458189221674,43.93489557891759,0.16015432482630254,0.6018976418957035,57.0,65.7,89.9,Medium,100,1.0,58.00771624131512,Review Required,High valuation disagreement; Negative EPS CAGR; CAPM beta unavailable,3,13.400178614922465,0.9826217933070982,13.989798827230699,35.13722081714744,0.07028581188795263,0.026590130742886683,0.07975962263338143,0.030467185043186077,1.3325267592803463,-0.10608493952977283,-0.19474976824056778,,0.25,Fallback
2026-09-27,GOUR,Gourmet Egypt.Com Foods (EGX:GOUR) Stock Price \u0026 Overview,Consumer,15.5,6.07738388391738,8.126157844387755,10.17493180485813,-0.4757317519749835,0.6084834676871748,68.8,53.2,91.7,Medium,100,1.0,26.213412401250825,Review Required,High valuation disagreement; CAPM beta unavailable,3,26.724137931034484,19.375,4.062999316361061,8.126157844387755,0.8010043942247332,0.07883843064565955,0.11,0.09314488724127279,1.8110483364720653,,-0.2368412110127427,,0.25,Fallback
2026-09-27,HDBK,Housing and Development Bank- Egypt (S.A.E) (EGX:HDBK) Stock Price \u0026 Overview,Financials,109.74528301886792,68.45997564043121,97.17166922425832,125.88336280808542,-0.11457088130564924,0.7818956621014559,66.9,60.4,86.3,Medium,90,1.0,44.27145593471754,Review Required,Extreme valuation disagreement; Negative free cash flow; Negative EPS CAGR,2,5.859331714835447,2.4993232297624215,,,0.4244848329706899,0.6066768292682927,,-0.24045731707317072,0.025662357609113017,-0.3672339573693916,-0.3305580105556404,,0.25,Fallback
2026-09-27,HELI,Heliopolis Co. for Housing \u0026 Development (EGX:HELI) Stock Price \u0026 Overview,Real Estate,7.8104738154613464,4.183097204305159,5.97585314900737,7.768609093709581,-0.2348923650217256,1.1997498711001968,61.2,56.7,88.9,Medium,100,1.0,38.25538174891372,Review Required,Extreme valuation disagreement; Negative EPS CAGR; CAPM beta unavailable,4,9.188792724072172,3.2274685187856806,0.8112699569574257,7.012289665940981,0.3537984496124031,0.7377155172413793,0.8657327586206897,0.12676939655172415,0.8443410852713178,-0.45733949689890896,-0.33428500482673995,,0.25,Fallback
2026-09-27,HRHO,EFG Holding Company S.A.E (EGX:HRHO) Stock Price \u0026 Overview,Financials,24.229166666666668,20.47147458615922,26.73357447243656,32.99567435871389,0.10336334881939357,0.536964099991017,41.1,58.8,83.9,Medium,90,1.0,55.16816744096968,Review Required,High valuation disagreement; Negative free cash flow; Negative EPS CAGR,2,8.940651906519065,0.9630034446210918,,,0.0835496711664936,0.1375846099038119,,-0.644032775204845,1.2658142956040153,-0.171166464313675,-0.26441853321546793,,0.25,Fallback
2026-09-27,IFAP,International Company for Agricultural Crops (EGX:IFAP) Stock Price \u0026 Overview,Materials & Chemicals,20.068772748295764,5.096123524867521,7.280176464096459,9.464229403325398,-0.6372385817805082,1.8256587754966884,52.1,44.0,87.6,Medium,100,1.0,18.13807091097459,Review Required,Extreme valuation disagreement; Negative free cash flow; Negative EPS CAGR; CAPM beta unavailable,2,19.11311690313882,2.372195360318648,,0.634617439675382,0.10806686377075278,0.1838893188854489,0.009063467492260061,-0.14082430340557275,0.10363657038890152,-0.43585286067791673,-0.2682833152919072,,0.25,Fallback
2026-09-27,IRON,Egyptian Iron and Steel Company (EGX:IRON) Stock Price \u0026 Overview,Materials & Chemicals,28.140898993724857,22.798418385487278,25.331575983874753,27.864733582262232,-0.09983060635257442,,55.0,57.6,85.2,High,80,1.0,45.00846968237128,Review Required,Only one usable valuation method; Negative free cash flow; CAPM beta unavailable,1,14.733454970536576,,,,-0.2761778171614237,0.8337048595630852,,-0.12462327240303166,,,-0.06300527015577218,,0.25,Fallback
2026-09-27,ISMQ,Iron \u0026 Steel for Mines \u0026 Quarries (EGX:ISMQ) Stock Price \u0026 Overview,Materials & Chemicals,8.578418827479604,4.054713755189048,5.79244822169864,7.5301826882082326,-0.3247650484092184,0.8384426867151817,72.0,56.6,86.8,Medium,90,1.0,33.761747579539076,Review Required,Extreme valuation disagreement; Negative EPS CAGR; CAPM beta unavailable,3,16.820429073489418,11.914470593721672,1.907292816191791,5.79244822169864,0.705055020143209,0.4716952380952381,0.6129238095238095,0.3292,,-0.4707968095281341,-0.41710908281498027,,0.25,Fallback
2026-09-27,ISPH,Ibnsina Pharma (EGX:ISPH) Stock Price \u0026 Overview,Healthcare,11.643564356435643,13.273535209714181,15.34616267358405,17.418790137453918,0.3179952636326438,0.14023341416484894,36.7,64.5,89.7,High,100,1.0,65.8997631816322,Review Required,Negative free cash flow; High debt/equity; Negative EPS CAGR; CAPM beta unavailable,2,13.539028321436795,3.7439113686288246,,16.42218506660698,0.342365317182021,0.012932903039352633,0.0435311401184914,-0.0076688261644429455,8.809690787376475,-0.23864913425596923,-0.23517463251945003,,0.25,Fallback
2026-09-27,JUFO,Juhayna Food Industries S.A.E. (EGX:JUFO) Stock Price \u0026 Overview,Consumer,26.0,22.14553993162804,25.856089761956007,29.566639592283973,-0.005535009155538207,0.17403108737463863,52.2,60.9,91.8,High,100,1.0,49.72324954222309,Review Required,Negative free cash flow; Negative EPS CAGR; CAPM beta unavailable,2,17.105263157894736,4.377104377104377,,28.10597147022074,0.2871196522534889,0.0749320834701615,0.14893871092933694,-0.013494044242768009,0.9712880347746511,-0.2502926259182173,-0.23448350418932318,,0.25,Fallback
2026-09-27,KORA,Korra for Energy and Investment Projects (S.A.E.) (EGX:KORA) Stock Price \u0026 Overview,Travel & Leisure,6.702222222222222,,,,,,,,31.5,Low,10,0,,Review Required,Low valuation-method coverage; Only one usable valuation method; Missing EPS; Missing BVPS; CAPM beta unavailable,0,,,,,,,,,,,,,0.25,Fallback
2026-09-27,MASR,Madinet Masr For Housing and Development (EGX:MASR) Stock Price \u0026 Overview,Real Estate,7.434579439252335,8.748374287981079,12.497677554258686,16.246980820536294,0.6810201110065112,1.2075918272756883,62.5,79.9,89.1,Medium,100,1.0,84.05100555032556,Review Required,Extreme valuation disagreement; Negative EPS CAGR; CAPM beta unavailable,4,5.466602528862011,1.241165181845131,0.301317488608614,15.393410763058217,0.2586765386395187,0.27822480298631275,0.34848610535047697,0.007726254666113646,0.5468918710473546,-0.374710855892899,-0.2864448751202776,,0.25,Fallback
2026-09-27,MBSC,Misr Beni Suef Cement Co. S.A.E (EGX:MBSC) Stock Price \u0026 Overview,Materials & Chemicals,329.9086757990868,315.2716483262693,450.3880690375276,585.5044897487859,0.3651901331379728,1.694053183744709,72.0,74.8,90.5,Medium,100,1.0,68.25950665689864,Review Required,Extreme valuation disagreement; Negative EPS CAGR; CAPM beta unavailable,3,4.900604215672709,3.6554977927876653,129.8572416187259,450.3880690375276,0.8946037099494097,0.704515272244356,0.4897078353253652,0.1636570385126162,0.02948566610455312,-0.5106004796492751,-0.2857230888149712,,0.25,Fallback
2026-09-27,MCQE,Misr Cement (Qena) Company (S.A.E) (EGX:MCQE) Stock Price \u0026 Overview,Materials & Chemicals,206.5625,263.9457885237079,359.2839756037524,454.62216268379694,0.7393475369621902,0.6614243167381472,78.8,86.4,92.9,Medium,100,1.0,86.96737684810951,Review Required,High valuation disagreement; Negative EPS CAGR; CAPM beta unavailable,3,7.625046142488003,5.542326267775691,122.06561023085123,359.70476830952833,0.5785491766800178,0.2451442579671884,0.3969451254007166,0.2049783141617952,0.06466399643969738,-0.4379086311330551,-0.24933686303131486,,0.25,Fallback
2026-09-27,MFPC,Misr Fertilizer Production Company (EGX:MFPC) Stock Price \u0026 Overview,Materials & Chemicals,46.96864111498258,39.008500324793324,55.72642903541904,72.44435774604476,0.186460321451429,1.0319044522558936,77.0,71.7,91.3,Medium,100,1.0,59.32301607257145,Review Required,Extreme valuation disagreement; Negative EPS CAGR; CAPM beta unavailable,3,8.762806178168391,2.9916331920371073,13.58321378760423,55.72642903541904,0.3417077613399085,0.4562522244631629,0.5853600664372998,0.21167991458061455,0.0028677417921720203,-0.2217747310497592,-0.2117838483651664,,0.25,Fallback
2026-09-27,MHOT,Misr Hotels Company (EGX:MHOT) Stock Price \u0026 Overview,Travel & Leisure,18.88888888888889,8.869416774199392,11.017440552999565,13.16546433179974,-0.4167237354294348,0.3798630792576816,90.4,59.2,87.9,Medium,100,0.6666666666666666,29.16381322852826,Review Required,CAPM beta unavailable,2,13.687600644122385,4.01037980655815,8.92488110599913,,0.39490616621983915,0.7372372372372372,0.9324324324324325,0.511011011011011,0.2488230563002681,,-0.4990387382443524,,0.25,Fallback
2026-09-27,MICH,Misr Chemical Industries Co. (EGX:MICH) Stock Price \u0026 Overview,Materials & Chemicals,48.40915306773635,33.06312261548459,47.233032307835124,61.40294200018566,-0.024295421121198726,1.0195604934251101,74.6,65.8,90.9,Medium,100,1.0,48.78522894394006,Review Required,Extreme valuation disagreement; Negative EPS CAGR; CAPM beta unavailable,3,11.027141928869328,3.6507656913828317,10.06590322148991,47.233032307835124,0.3703573883161512,0.4898818181818182,0.5878363636363636,0.1862181818181818,0.17933333333333334,-0.24179676517575022,-0.15261646048818434,,0.25,Fallback
2026-09-27,MIPH,MINAPHARM Pharmaceuticals (EGX:MIPH) Stock Price \u0026 Overview,Healthcare,809.8471986417657,617.7060357951904,882.4371939931291,1147.168352191068,0.08963418713197707,0.9176523676509185,46.9,60.7,86.8,Medium,100,1.0,54.481709356598856,Review Required,Extreme valuation disagreement; Negative free cash flow; CAPM beta unavailable,2,28.139235533070384,1.4185199044363659,,1287.322484178643,0.052586433260393875,0.05420751879699248,0.20721804511278197,-0.08052631578947368,0.7258935083880379,0.0482136971097884,-0.14689091637200868,,0.25,Fallback
2026-09-27,MOIL,Maridive and Oil Services S.A.E. (EGX:MOIL) Stock Price \u0026 Overview,Energy & Utilities,36.49045209033301,1.6433423925318218,2.2932653324487693,2.943188272365717,-0.9371543732379162,0.7336201367034211,80.8,45.0,92.7,Medium,100,1.0,3.1422813381041905,Review Required,High valuation disagreement; CAPM beta unavailable,3,280.6957853102539,64.01833700058422,1.0949814404710378,2.7773670671593202,0.2154952529403429,0.23381765067650673,0.5039591020910209,0.3671971094710947,0.8992489726512682,,-0.14941815953811388,,0.25,Fallback
2026-09-27,MOIN,Mohandes Insurance Company (EGX:MOIN) Stock Price \u0026 Overview,Financials,34.15384615384615,9.159319194495023,10.279367415128934,11.399415635762846,-0.6990275306381167,0.03584324809149267,61.9,45.5,90.1,High,90,1.0,15.048623468094164,Review Required,Negative EPS CAGR,2,23.554376657824935,4.5599260552531575,,,0.19075757575757576,,,,0.006005050505050505,-0.24147777766075895,,,0.25,Fallback
2026-09-27,MPCI,Memphis Pharmaceuticals \u0026 Chemical Industries (EGX:MPCI) Stock Price \u0026 Overview,Materials & Chemicals,379.7802197802198,204.74365919338808,254.28833700653058,303.83301481967305,-0.3304329089237766,0.37934644421965913,74.3,58.8,93.9,High,100,1.0,33.47835455381117,Review Required,Negative free cash flow; Negative EPS CAGR; CAPM beta unavailable,2,16.649724672521693,12.172442941673712,,206.05664878155173,0.7312564286821378,0.30983880597014923,0.3277373134328358,-0.061570149253731346,0.11833002212171169,-0.12830386089952273,-0.20917310141417966,,0.25,Fallback
2026-09-27,MPRC,Egyptian Media Production City (EGX:MPRC) Stock Price \u0026 Overview,Healthcare,38.977777777777774,36.4053012630661,52.00757323295158,67.60984520283705,0.33428779674049103,1.2227656293186278,72.4,74.1,90.6,Medium,100,1.0,66.71438983702456,Review Required,Extreme valuation disagreement; Negative EPS CAGR; CAPM beta unavailable,3,8.661728395061727,1.8766383138073075,11.07626566383005,52.00757323295158,0.20204216354344123,0.6890268700072621,0.5912127814088598,0.3357661583151779,0.012627768313458262,-0.320889932750961,-0.17509534325026965,,0.25,Fallback
2026-09-27,MTIE,MM Group for Industry and International Trade S.A.E. (EGX:MTIE) Stock Price \u0026 Overview,Consumer,8.167400881057269,4.537136264931147,6.379957490485181,8.222778716039214,-0.2188509437216095,0.7553815073547715,69.3,59.6,90.9,Medium,100,1.0,39.057452813919525,Review Required,Extreme valuation disagreement; Negative EPS CAGR; CAPM beta unavailable,3,18.14977973568282,3.6625116058552774,2.1693781098733824,6.379957490485181,0.23352272727272727,0.0540386553885261,0.06332997326554762,0.040040320813428586,0.0548125,-0.21990738288910305,-0.16969932920836095,,0.25,Fallback
2026-09-27,NAPR,National Printing Company S.A.E. (EGX:NAPR) Stock Price \u0026 Overview,Industrials,52.15008823256246,13.167695071994503,18.81099295999215,24.454290847989792,-0.6392912534278977,1.877428005166839,64.3,47.4,89.4,Medium,100,1.0,18.035437328605113,Review Required,Extreme valuation disagreement; CAPM beta unavailable,3,43.09924647319212,4.842162324286209,12.415899657785722,47.732184645871236,0.08763309596473381,0.03410716642470635,0.17579516959218688,0.050968721129734725,1.2139708375720584,0.1664487498812861,-0.13352094127215453,,0.25,Fallback
2026-09-27,NINH,Nozha International Hospital (EGX:NINH) Stock Price \u0026 Overview,Industrials,20.066666666666666,3.906020462168028,5.580029231668612,7.254038001169196,-0.7219254535713316,1.1063092533719734,78.5,49.5,91.5,Medium,100,1.0,13.903727321433415,Review Required,Extreme valuation disagreement; Negative EPS CAGR; CAPM beta unavailable,3,35.83333333333333,7.5438596491228065,2.53267612410536,5.580029231668612,0.23230193982283118,0.3374280090398775,0.28635999125173145,0.2569074870598527,0.00560867273959196,-0.1861049751822067,-0.14513463870674903,,0.25,Fallback
2026-09-27,NIPH,EI- Nile Co. for Pharmaceuticals and Chemical Industries (EGX:NIPH) Stock Price \u0026 Overview,Healthcare,325.6,81.38649170664306,103.90711103013473,126.4277303536264,-0.6808749661236648,0.46695199588256586,47.5,42.2,89.3,High,100,1.0,15.95625169381676,Review Required,Negative free cash flow; CAPM beta unavailable,2,67.83333333333334,14.753058450385138,,128.16692747109113,0.2175090579710145,0.107248771773113,0.28889236266190266,-0.32051362215274676,1.2264492753623188,0.05789648870565345,-0.1952940274229681,,0.25,Fallback
2026-09-27,OCDI,Sixth of October for Development and Investment Company \,Real Estate,27.984496124031008,22.455605397418896,26.391180600294916,30.326755803170936,-0.05693565167921213,0.19649854434053488,53.7,58.4,85.6,High,100,0.75,47.153217416039396,Review Required,Negative free cash flow; CAPM beta unavailable,3,8.99823026496174,2.164307511525987,,24.014506601342553,0.23993308639024974,0.17878288741485998,0.20349018385789966,-0.20829809019276144,0.7190823276377106,-0.05051049100329286,-0.209748525400832,,0.25,Fallback
2026-09-27,OCPH,October Pharma S.A.E (EGX:OCPH) Stock Price \u0026 Overview,Healthcare,225.83333333333334,79.91278557114227,114.16112224448896,148.40945891783565,-0.49448949559635885,1.0031450003259805,71.9,53.2,90.5,Medium,100,1.0,25.275525220182057,Review Required,Extreme valuation disagreement; Negative EPS CAGR; CAPM beta unavailable,3,32.82461240310078,8.164617980236201,79.88054386533,194.40070287649218,0.27968425175499384,0.12699042407660738,0.28703146374829,0.2432763337893297,0.6403392485914856,-0.11762767949207764,-0.17958337514716716,,0.25,Fallback
2026-09-27,OIH,Orascom Investment Holding S.A.E. (EGX:OIH) Stock Price \u0026 Overview,Financials,2.1085714285714285,0.4609531914893617,0.5121702127659574,0.5633872340425532,-0.7571008476042207,,8.0,26.5,73.7,Medium,100,0.5,12.144957619788968,Review Required,Only one usable valuation method; Negative free cash flow; High debt/equity,1,,5.548872180451128,,,-0.2608895405669599,-0.38291248206599715,-0.15530846484935437,-0.6787661406025824,3.1207233626588464,,-0.3644341332323734,,0.25,Fallback
2026-09-27,OLFI,Obour Land for Food Industries S.A.E. (EGX:OLFI) Stock Price \u0026 Overview,Consumer,22.425,26.95011432651019,31.07297573370747,35.19583714090475,0.3856399435321056,0.1307327425000841,39.6,67.1,90.2,High,100,1.0,69.28199717660527,Review Required,Negative free cash flow; High debt/equity; Negative EPS CAGR; CAPM beta unavailable,2,11.991978609625669,5.76478149100257,,33.10410340136054,0.5614615384615385,0.07232103046816943,0.14532243415077203,-0.094707290892577,2.6557692307692307,-0.16260604064943718,-0.24318333815473625,,0.25,Fallback
2026-09-27,ORAS,Orascom Construction (EGX:ORAS) Stock Price \u0026 Overview,Industrials,,,,,,,,,27.5,Low,0,0,,Review Required,Low valuation-method coverage; Only one usable valuation method; Missing EPS; Missing BVPS; CAPM beta unavailable,0,,,,,,,,,,,,,0.25,Fallback
2026-09-27,ORHD,Orascom Development Egypt S.A.E. (EGX:ORHD) Stock Price \u0026 Overview,Real Estate,40.690265486725664,27.552481255255124,39.36068750750732,51.16889375975952,-0.032675578871612154,1.4017490236465435,62.9,62.2,89.2,Medium,100,1.0,48.36622105641939,Review Required,Extreme valuation disagreement; Negative EPS CAGR; CAPM beta unavailable,4,8.602593126157645,2.420598779698136,3.1824052868051176,58.35621057051021,0.26240439301823887,0.18956540218892784,0.27156164771721036,0.01851521269436475,0.5828103549715631,-0.2557608311308277,-0.24223300491812383,,0.25,Fallback
2026-09-27,ORWE,Oriental Weavers Carpets Company (S.A.E) (EGX:ORWE) Stock Price \u0026 Overview,Consumer,26.988017019741097,36.67116819737113,46.74650410632285,56.821840015274574,0.7321207435184619,0.46212529484864323,69.9,84.0,92.7,High,100,1.0,86.60603717592309,Review Required,Negative EPS CAGR; CAPM beta unavailable,3,8.966118611209668,0.8957191178141751,37.29539485012914,58.8981368434069,0.1402324192733453,0.10919951355604836,0.1482938693754918,0.12815652049502826,0.3869367507234394,-0.16939203163555105,-0.1641995420704213,,0.25,Fallback
2026-09-27,PHAR,Egyptian International Pharmaceutical Industries Company (EGX:PHAR) Stock Price \u0026 Overview,Healthcare,110.51196966105712,97.40274909349628,114.90834783517698,132.41394657685768,0.03978191853428781,0.20937604870241466,40.9,58.7,89.9,High,100,1.0,51.98909592671439,Review Required,Negative free cash flow; CAPM beta unavailable,2,14.446009106020538,3.0629703342865056,,102.87881991885098,0.2034788316376764,0.1254552812626467,0.22996762444354513,-0.1489275596924322,1.6506399737446669,-0.08449497260883154,-0.19176276751527244,,0.25,Fallback
2026-09-27,PHDC,Palm Hills Developments S.A.E. (EGX:PHDC) Stock Price \u0026 Overview,Real Estate,13.52127659574468,9.419893547024659,13.456990781463798,17.49408801590294,-0.004754418994809574,0.9677341611634587,48.8,58.8,87.1,Medium,100,1.0,49.76227905025952,Review Required,Extreme valuation disagreement; Negative EPS CAGR; CAPM beta unavailable,4,9.58955786932247,2.0181009844395046,2.7944946608076804,15.817284346491945,0.1956964233788892,0.10065307343337156,0.20255247021287204,0.03644249464080961,1.70955704177571,-0.2814964300604451,-0.28084609130353444,,0.25,Fallback
2026-09-27,PHTV,Pyramisa Hotels \u0026 Resorts (EGX:PHTV) Stock Price \u0026 Overview,Healthcare,347.25738396624473,412.13662358564244,583.250501002004,754.3643784183654,0.6795913576849931,0.7735189399573174,77.8,84.4,92.0,Medium,100,1.0,83.97956788424966,Review Required,Extreme valuation disagreement; Negative EPS CAGR; CAPM beta unavailable,3,9.879299686095157,3.4583944225300742,321.365192330428,772.5205015950723,0.32801659125188537,0.26865348980852377,0.4203211859172329,0.43638048177887584,0.02393288084464555,-0.42392914088575195,-0.3774025274619952,,0.25,Fallback
2026-09-27,POUL,Cairo Poultry Company S.A.E. (EGX:POUL) Stock Price \u0026 Overview,Consumer,38.20459290187891,49.790462513246204,71.1292321617803,92.46800181031439,0.8617979347263806,0.9422930945617172,80.1,89.5,91.8,Medium,100,1.0,93.08989673631902,Review Required,Extreme valuation disagreement; CAPM beta unavailable,3,8.34161417071592,2.2659900890794136,6.23800507807734,73.2625893656001,0.3013916015625,0.1547962382445141,0.1999373040752351,0.034754858934169276,0.037305908203125,,-0.20718410533210885,,0.25,Fallback
2026-09-27,PRDC,Pioneers Properties For Urban Development - PRE Group (EGX:PRDC) Stock Price \u0026 Overview,Real Estate,7.259615384615385,10.55851332137089,15.083590459101272,19.608667596831655,1.0777396129093142,1.6094577678027115,68.0,87.9,83.7,Medium,100,0.75,100,Review Required,Extreme valuation disagreement; CAPM beta unavailable,3,12.304432855280314,0.9823566149682524,29.81601525580683,,0.04300583726000422,0.09004564865262848,0.14902076277426005,0.6595494036224415,0.8733384907518109,0.11570564909204784,-0.0668101484282001,,0.25,Fallback
2026-09-27,QNBE,Qatar National Bank (EGX:QNBE) Stock Price \u0026 Overview,Financials,60.134883720930226,74.71637748987102,87.87807138425204,101.03976527863306,0.46134931917504757,0.19908888245080988,59.9,73.7,88.8,High,90,1.0,73.06746595875238,Review Required,Negative free cash flow; Negative EPS CAGR,2,4.491029404102332,1.0242698640935144,,,0.2653245121054753,0.5721712746735759,,-3.1715303582995262,0.03710290642068404,-0.2536952197821404,-0.23586496848865524,,0.25,Fallback
2026-09-27,RAYA,Raya Holding Company for Financial Investments (S.A.E) (EGX:RAYA) Stock Price \u0026 Overview,Telecom & Technology,6.915887850467289,10.209632409330323,14.585189156186178,18.96074590304203,1.108939513124218,1.669750416766526,41.8,82.0,86.0,Medium,100,1.0,100,Review Required,Extreme valuation disagreement; High debt/equity; Negative EPS CAGR; CAPM beta unavailable,3,11.337521066339818,4.704685612562781,1.5271950488240111,25.8808207209845,0.285777045579352,0.0389736830280245,0.10706529065500352,0.014141665293650674,2.8261394838001097,-0.45270259577981653,-0.2406920149828924,,0.25,Fallback
2026-09-27,RMDA,Tenth of Ramadan for Pharmaceutical Industries and Diagnostic Reagents (Rameda) (S.A.E) (EGX:RMDA) Stock Price \u0026 Overview,Healthcare,5.77832512315271,2.7905637336618323,3.865186889264801,4.9398100448677695,-0.33108871396355116,0.7121047301362169,57.8,51.4,81.1,Medium,100,0.6666666666666666,33.445564301822444,Review Required,High valuation disagreement; Negative EPS CAGR; CAPM beta unavailable,2,38.52216748768473,5.024630541871922,,5.241395822617778,0.1393681550126369,0.0754010938924339,0.24658158614402917,0.034480401093892436,1.016849199663016,-0.11813979377827954,-0.2225897101454163,,0.25,Fallback
2026-09-27,SAUD,alBaraka Bank Egypt S.A.E. (EGX:SAUD) Stock Price \u0026 Overview,Financials,23.29675165717744,27.641202974831316,31.65056062856766,35.659918282304005,0.3585825652571833,0.10670289234845515,56.4,70.3,88.8,High,90,1.0,67.92912826285917,Review Required,Negative free cash flow; Negative EPS CAGR,2,5.042586938782995,1.0479870291127953,,,0.24020032150364784,0.45396120588922645,,-1.7619770974526758,0.41158649684679116,-0.2158200783423666,-0.21506520768516946,,0.25,Fallback
2026-09-27,SCEM,Sinai Cement Co. (S.A.E) (EGX:SCEM) Stock Price \u0026 Overview,Materials & Chemicals,84.58264637092137,96.00080821785133,133.14848284146163,170.29615746507193,0.574182040339148,0.7159774060014368,96.6,87.3,95.2,Medium,100,1.0,78.7091020169574,Review Required,High valuation disagreement; CAPM beta unavailable,3,6.67582055019111,3.0982654348322844,72.70590287025507,133.14848284146163,0.4517623929223424,0.349370112945265,0.3991094700260643,0.29745873153779323,0.024888358376632495,,-0.309728084320681,,0.25,Fallback
2026-09-27,SCTS,Suez Canal Company for Technology Settling (S.A.E) (EGX:SCTS) Stock Price \u0026 Overview,Telecom & Technology,572.937293729373,353.95977923580506,505.6568274797215,657.353875723638,-0.11743076770532482,0.887440651240283,82.7,65.8,92.2,Medium,100,1.0,44.12846161473376,Review Required,Extreme valuation disagreement; Negative EPS CAGR; CAPM beta unavailable,3,25.784756693491136,13.201320132013203,82.54302334100025,505.6568274797215,0.5280728376327769,0.6825760052304675,0.7420725727361883,0.455050670153645,0.0011962569549822965,-0.19870874864091492,-0.15860089317366188,,0.25,Fallback
2026-09-27,SKPC,Sidi Kerir Petrochemicals Co. (EGX:SKPC) Stock Price \u0026 Overview,Materials & Chemicals,17.212389380530972,2.643999086983358,3.7771415528333683,4.910284018683379,-0.7805568146682927,1.3006041047569838,57.9,42.1,88.4,Medium,100,1.0,10.972159266585365,Review Required,Extreme valuation disagreement; Negative free cash flow; CAPM beta unavailable,2,36.62210506495952,2.8735207646963223,,1.3208586489017449,0.09107773851590106,0.04018187723286781,0.030439753166612536,-0.006446898343618058,0.35203180212014135,-0.02224445745082626,-0.19718545130624343,,0.25,Fallback
2026-09-27,SPHT,El Shams Pyramids Co. For Hotels \u0026 Touristic Projects S.A.E (EGX:SPHT) Stock Price \u0026 Overview,Travel & Leisure,73.44901354884716,,,,,,74.3,,63.1,Low,80,0,,Review Required,Low valuation-method coverage; Only one usable valuation method; Negative free cash flow; CAPM beta unavailable,0,,133.5436609979039,,,-0.01491658488714426,,,,0.0,,,,0.25,Fallback
2026-09-27,SPIN,Alexandria Spinning \u0026 Weaving Co. (EGX:SPIN) Stock Price \u0026 Overview,Consumer,16.79973386560213,0.1896992643290827,0.27099894904154676,0.35229863375401077,-0.9838688546372496,0.8538405709505353,43.9,33.0,86.5,Medium,100,1.0,0.8065572681375173,Review Required,Extreme valuation disagreement; Negative free cash flow; CAPM beta unavailable,2,1679.9733865602127,8.038150174929248,,0.3866938977298614,0.006596498679373001,0.007341861907997755,0.05874966762194581,-0.07235500930658552,0.5296975166903362,,-0.29174731389658937,,0.25,Fallback
2026-09-27,SUGR,Delta Sugar Company (EGX:SUGR) Stock Price \u0026 Overview,Consumer,57.0323488045007,,,,,,5.4,,60.8,Low,100,0,,Review Required,Low valuation-method coverage; Only one usable valuation method; Negative free cash flow; High debt/equity; CAPM beta unavailable,0,,2.970434833567745,,,-0.5633699633699634,-0.16838186993650098,-3.18743157433764,-0.07432340705058026,2.2677655677655677,,-0.18691209344374493,,0.25,Fallback
2026-09-27,SVCE,South Valley Cement Company (EGX:SVCE) Stock Price \u0026 Overview,Industrials,10.906979637539916,0.6137277058337216,0.8767538654767453,1.139780025119769,-0.9196153385618222,0.8539441548341563,46.6,35.4,86.9,Medium,100,1.0,4.019233071908893,Review Required,Extreme valuation disagreement; CAPM beta unavailable,2,,1.6962643293219155,0.5024044461506859,1.2511032848028047,-0.09032226877215598,-0.10162073966642494,0.08917693981145758,0.01629804205946338,0.6197228488559459,,-0.3381693799663975,,0.25,Fallback
2026-09-27,SWDY,El Sewedy Electric Company (EGX:SWDY) Stock Price \u0026 Overview,Industrials,118.4626168224299,110.01736601561115,126.96514401099051,143.91292200636988,0.07177392680178189,0.1339348252592006,48.9,61.9,91.5,High,100,1.0,53.58869634008909,Review Required,Negative free cash flow; Negative EPS CAGR; CAPM beta unavailable,2,15.54627517354723,3.6028776405848504,,135.46767119955115,0.24409075961854654,0.057888596348935,0.10019528081755905,-0.00953943674274092,1.1112660309108846,-0.27848351294501805,-0.283482225475463,,0.25,Fallback
2026-09-27,TALM,Taaleem Management Services Company S.A.E. (EGX:TALM) Stock Price \u0026 Overview,Consumer,20.39398397907471,12.007704097359097,13.71234020630838,15.416976315257662,-0.3276281760161254,0.09725607250177797,62.0,55.7,93.7,High,100,1.0,33.61859119919373,Review Required,Negative free cash flow; Negative EPS CAGR; CAPM beta unavailable,2,24.278552356041324,6.642991524128571,,14.379144382945267,0.15978871488938604,0.26099472188388145,0.5286236297198539,-0.018574908647990256,0.6216753666418096,-0.21524851802565148,-0.24552444923820582,,0.25,Fallback
2026-09-27,TAQA,TAQA Arabia S.A.E. (EGX:TAQA) Stock Price \u0026 Overview,Energy & Utilities,17.172932330827066,11.887426337146337,14.712538958637811,17.537651580129285,-0.14327159303904158,0.3680829609175876,52.9,57.3,90.7,High,100,1.0,42.83642034804792,Review Required,High debt/equity; Negative EPS CAGR; CAPM beta unavailable,3,17.88847117794486,5.188197078799718,11.519447552495526,14.712538958637811,0.23970808383233533,0.04341342732233029,0.07401633510692378,0.07499915274341681,2.625,-0.18274165797437714,-0.20960832934878237,,0.25,Fallback
2026-09-27,TMGH,Talaat Moustafa Group Holding (EGX:TMGH) Stock Price \u0026 Overview,Real Estate,91.83009708737865,69.05787166669107,82.3945491344668,95.73122660224253,-0.10275005964475553,0.24745435749689937,56.7,58.0,85.8,High,100,0.75,44.86249701776222,Review Required,Negative free cash flow; Negative EPS CAGR; CAPM beta unavailable,3,12.244012944983819,2.0640615214065776,,82.3945491344668,0.09237168607013937,0.22631232154623326,0.3242843546379676,-0.05526026795519438,0.4411321747029715,-0.36571288034119254,-0.25812185696262,,0.25,Fallback
2026-09-27,UBEE,The United Bank (EGX:UBEE) Stock Price \u0026 Overview,Financials,15.418181818181818,12.311083011591215,16.615779178812154,20.920475346033093,0.07767435711635436,0.6362911352866638,61.0,63.8,86.3,Medium,90,1.0,53.88371785581772,Review Required,High valuation disagreement; Negative free cash flow,2,9.820497973364215,0.9488111888111888,,,0.1216374269005848,0.34782608695652173,,-3.3468705207835643,0.3791701475912002,0.11617900762012123,-0.15884855844560064,,0.25,Fallback
2026-09-27,VALU,U Consumer Finance S.A.E. (EGX:VALU) Stock Price \u0026 Overview,Financials,10.620853080568722,1.842114207118433,2.3982362456796213,2.9543582842408096,-0.7741955163594824,0.5275517198324927,49.0,39.2,85.2,Medium,90,1.0,11.29022418202588,Review Required,High valuation disagreement; Negative free cash flow; High debt/equity,2,25.28774542992553,8.107521435548643,,,0.3305375953505267,0.616928813559322,,-7.429830508474576,5.580820922629858,0.11994446021554528,-0.3174790575406734,,0.25,Fallback
2026-09-27,ZMID,Zahraa El Maadi Investment and Development Company SAE (EGX:ZMID) Stock Price \u0026 Overview,Materials & Chemicals,8.04,7.256326062328663,8.451374904070507,9.646423745812351,0.051166032844590516,0.16561156276064065,62.2,64.2,89.3,High,90,1.0,52.55830164222952,Review Required,Negative free cash flow; Negative EPS CAGR; CAPM beta unavailable,2,11.652173913043478,3.045454545454545,,7.751552201400918,0.31843323216995445,0.7630818181818182,0.8464181818181818,-0.1905090909090909,,-0.20436346381319848,-0.1747919824477785,,0.25,Fallback
2026-10-02,ABUK,Abu Qir Fertilizers \u0026 Chemical Industries Company (S.A.E) (EGX:ABUK) Stock Price \u0026 Overview,Materials & Chemicals,87.15079365079364,55.022187272450125,78.60312467492875,102.18406207740738,-0.09807907212084298,0.8024840215681864,79.0,65.3,92.0,Medium,100,1.0,45.09604639395785,Review Required,Extreme valuation disagreement; Negative EPS CAGR; CAPM beta unavailable,3,13.30546467951048,4.731313444668492,17.96306119452733,78.60312467492875,0.43034162292401684,0.3877044732149779,0.4239088301418715,0.16276455539189083,0.0034205317958867568,-0.18675214924225159,-0.19283296081442047,,0.25,Fallback
2026-10-02,ACAP,A Capital Holding (EGX:ACAP) Stock Price \u0026 Overview,Materials & Chemicals,7.794765199792139,7.068854253758464,7.928679134655986,8.788504015553508,0.01717998315939235,0.03377963279621549,37.6,55.4,82.4,High,80,1.0,50.85899915796962,Review Required,Negative EPS CAGR; CAPM beta unavailable,2,12.372643174273236,3.5755803668771278,,8.062593069519833,0.3831467661691542,,,,1.5093283582089552,-0.5433288596037058,,,0.25,Fallback
2026-10-02,ADIB,Abu Dhabi Islamic Bank - Egypt - S.A.E (EGX:ADIB) Stock Price \u0026 Overview,Financials,49.82,40.42424010866808,51.212298311969974,62.00035651527187,0.027946573905459127,0.44261464990961935,59.3,62.3,87.2,High,90,1.0,51.397328695272954,Review Required,Negative free cash flow; Negative EPS CAGR,2,5.222222222222222,1.7155647382920112,,,0.31871231054960675,0.5400365204553401,,-2.699055907377909,0.24501868708871208,-0.2331429239807583,-0.3050215422584154,,0.25,Fallback
2026-10-02,ALCN,Alexandria Container\u0026Cargo Handling Company (EGX:ALCN) Stock Price \u0026 Overview,Consumer,34.09395973154363,16.003365745858385,22.86195106551198,29.720536385165577,-0.3294427738658888,1.2244850700046188,81.3,59.1,87.9,Medium,90,1.0,33.52786130670556,Review Required,Extreme valuation disagreement; Negative EPS CAGR; CAPM beta unavailable,2,14.205816554809845,12.534544018949862,8.864892190064179,,0.8911514253980007,0.9421972860125261,,0.6394832985386222,0.004052819943230902,-0.27041748415797606,-0.17996249519174812,,0.25,Fallback
2026-10-02,AMES,Alexandria New Medical Center (EGX:AMES) Stock Price \u0026 Overview,Materials & Chemicals,46.610515986589256,1.87740148834213,2.682002126203043,3.486602764063956,-0.9424592912257245,1.9816725381171127,64.6,39.9,89.4,Medium,100,1.0,2.8770354387137758,Review Required,Extreme valuation disagreement; Negative EPS CAGR; CAPM beta unavailable,3,108.39654880602153,19.5842504145333,0.005386604269213967,2.682002126203043,0.1806205990364206,0.10878652597402598,0.17130681818181817,0.0002840909090909091,0.0704154172703076,-0.13353670915997207,-0.11001452188367344,,0.25,Fallback
2026-10-02,AMIA,Arab Moltaqa Investments Company (EGX:AMIA) Stock Price \u0026 Overview,Financials,18.430381730223083,4.212380759929334,4.69471819930747,5.177055638685606,-0.7452728723676498,0.010961782071849184,35.7,37.9,90.3,High,100,1.0,12.736356381617512,Review Required,Negative free cash flow; High debt/equity; Negative EPS CAGR,2,25.597752403087615,5.4207005088891425,,,0.2075068493150685,0.18309427880741339,0.2125503626107977,-0.3437792103142627,3.2515981735159816,-0.28989565312148535,-0.22867820034059982,,0.25,Fallback
2026-10-02,AMOC,Alexandria Mineral Oils Company (EGX:AMOC) Stock Price \u0026 Overview,Energy & Utilities,14.069767441860465,10.834046373654303,15.477209105220433,20.120371836786564,0.10003304384211345,1.1846390541162266,66.1,66.4,89.7,Medium,100,1.0,55.001652192105674,Review Required,Extreme valuation disagreement; Negative EPS CAGR; CAPM beta unavailable,3,12.341901264789882,4.3291592128801435,1.7373221520199453,15.477209105220433,0.349146110056926,0.036819330148327875,0.03619400185097176,0.007849871182370745,0.006698292220113852,-0.21959181133878913,-0.23930814981761206,,0.25,Fallback
2026-10-02,ARAB,Arab Developers Holding (EGX:ARAB) Stock Price \u0026 Overview,Financials,0.23891213389121338,0.10465390102070528,0.14950557288672184,0.19435724475273838,-0.374223609108117,1.1229517871887735,41.9,47.6,86.0,Medium,100,1.0,31.28881954459415,Review Required,Extreme valuation disagreement; Negative free cash flow,2,23.891213389121337,1.4053654934777258,,,0.04009515928837402,0.060949685534591194,0.0730440251572327,-0.42563522012578614,1.1373603640877121,0.0,-0.08675037897698545,,0.25,Fallback
2026-10-02,ARCC,Arabian Cement Company S.A.E. (EGX:ARCC) Stock Price \u0026 Overview,Materials & Chemicals,67.49006322191693,74.06338466520057,105.80483523600083,137.54628580680108,0.5677098254908945,1.1025955976991628,71.6,79.7,90.5,Medium,100,1.0,78.38549127454473,Review Required,Extreme valuation disagreement; Negative EPS CAGR; CAPM beta unavailable,3,5.828157445761392,5.276783676459495,26.6152624115843,105.80483523600083,0.910740354535975,0.3352011053116365,0.3987565244089653,0.14207859993859379,0.267570385818561,-0.6400203949643394,-0.2841497070118345,,0.25,Fallback
2026-10-02,ATQA,Misr National Steel - Ataqa (EGX:ATQA) Stock Price \u0026 Overview,Materials & Chemicals,11.4,2.6220080269174235,3.7457257527391765,4.86944347856093,-0.6714275655491951,1.3793158534178669,62.6,46.1,89.1,Medium,100,1.0,16.428621722540242,Review Required,Extreme valuation disagreement; CAPM beta unavailable,2,,5.728643216080402,6.328995209393536,1.1624562960848168,-0.025660377358490565,-0.011072914781979373,0.02825764429165913,0.2549303419576624,0.14929140461215934,,-0.15600133696049956,,0.25,Fallback
2026-10-02,AXPH,Alexandria Co. For Pharmaceuticals \u0026 Chemical Industries (EGX:AXPH) Stock Price \u0026 Overview,Healthcare,1508.0,1129.7428527347267,1510.511892202563,1891.2809316703992,0.0016657110096572306,0.6083178859654401,80.5,68.5,93.4,Medium,100,1.0,50.08328555048286,Review Required,High valuation disagreement; Negative EPS CAGR; CAPM beta unavailable,3,15.110220440881763,6.945467943994104,751.8508656065743,1670.7222665968943,0.4594843462246777,0.16008982996470966,0.2214661533525826,0.17420596727622714,0.005847145488029466,-0.2518011036859611,-0.1874568110710234,,0.25,Fallback
2026-10-02,BINV,B Investments Holding S.A.E. (EGX:BINV) Stock Price \u0026 Overview,Financials,59.7178970507419,20.490332215329286,27.951392336076026,35.41245245682276,-0.5319427890716595,0.667719279388737,68.1,51.5,91.2,Medium,100,1.0,23.402860546417024,Review Required,High valuation disagreement; Negative EPS CAGR,2,21.027428538993625,2.1995542191801807,,,0.09187627069416207,0.7899165959146981,0.7701143684762524,0.11572941117714629,0.0030119082195759514,-0.2577121929951285,-0.2729845075962264,,0.25,Fallback
2026-10-02,BIOC,GlaxoSmithKline S.A.E (EGX:BIOC) Stock Price \u0026 Overview,Healthcare,350.1377080589151,33.04482615217614,38.530242875029884,44.01565959788363,-0.8899568884236064,0.16946609349391367,44.8,36.6,90.7,High,100,1.0,5.502155578819682,Review Required,Negative free cash flow; CAPM beta unavailable,2,150.27369444588632,13.404965852178986,,41.795027745731396,0.08802016498625115,0.053084577114427864,0.12184355997788833,-0.36014372581536763,0.8194317140238313,-0.04508841667905594,-0.1291608882270624,,0.25,Fallback
2026-10-02,BONY,Bonyan for Development and Trade (EGX:BONY) Stock Price \u0026 Overview,Financials,4.101604278074866,6.873503026799454,8.332914870369422,9.792326713939389,1.031623312593327,0.30055286356490424,79.9,92.8,91.2,High,90,1.0,100,Quantitative Pass,,2,3.7977817389582094,0.5876223894090066,,,0.15411638918588666,,,,0.08675729341683214,1.010336261506363,,,0.25,Fallback
2026-10-02,BTFH,Beltone Holding S.A.E (EGX:BTFH) Stock Price \u0026 Overview,Financials,2.8292910447761193,1.204680618881094,1.7209723126872771,2.23726400649346,-0.39173019479038534,1.542850534413758,28.4,42.3,80.0,Medium,90,1.0,30.41349026048073,Review Required,Extreme valuation disagreement; Negative free cash flow; High debt/equity,2,47.15485074626866,1.2744554255748284,,,0.02815194317439582,0.053741427680798,,-0.27072942643391523,2.628061724363161,,-0.5366995656125879,,0.25,Fallback
2026-10-02,CANA,Suez Canal Bank (S.A.E) (EGX:CANA) Stock Price \u0026 Overview,Financials,45.77,30.30070481690926,35.99671130581801,41.692717794726754,-0.2135304499493553,0.2329474312824933,53.4,54.9,87.6,High,90,1.0,39.323477502532235,Review Required,Negative free cash flow; Negative EPS CAGR,2,7.466557911908646,1.976252158894646,,,0.30079440462827045,0.4559853393546698,,-4.362065580208129,0.4878248855884639,-0.3871374568434267,-0.33500162012016776,,0.25,Fallback
2026-10-02,CCAP,QALA For Financial Investments (EGX:CCAP) Stock Price \u0026 Overview,Financials,6.425531914893616,0.35403370786516847,0.39337078651685387,0.43270786516853926,-0.938780043157973,,62.8,37.7,81.9,Medium,100,0.5,3.060997842101351,Review Required,Only one usable valuation method,1,107.09219858156028,,,,0.0026804273919378337,0.0013152767765113827,0.2724152928629731,0.287399534088404,0.986765420106848,,-0.2286874988870108,,0.25,Fallback
2026-10-02,CICH,CI Capital Holding For Financial Investments (S.A.E) (EGX:CICH) Stock Price \u0026 Overview,Financials,11.67,9.995258309453652,11.307327363895466,12.61939641833728,-0.03107734670990011,0.06414825085237306,40.9,56.1,86.8,High,90,1.0,48.446132664504994,Review Required,Negative free cash flow; High debt/equity; Negative EPS CAGR,2,6.556179775280898,1.464240903387704,,,0.22141967621419675,0.35595595595595597,,-1.1863863863863864,3.8428393524283937,-0.1750687001493958,-0.10950518565467215,,0.25,Fallback
2026-10-02,CIEB,Credit Agricole - Egypt Bank (S.A.E.) (EGX:CIEB) Stock Price \u0026 Overview,Financials,23.952,23.698094755909036,28.587844568827485,33.47759438174593,0.19354728493768716,0.2841718760777488,61.6,67.4,88.5,High,90,1.0,59.67736424688436,Review Required,Negative free cash flow; Negative EPS CAGR,2,4.809638554216868,1.3410974244120941,,,0.3133231789266195,0.5346686033177892,,-0.47748643070101676,0.09766149986560343,-0.23674075482303436,-0.22774050924517852,,0.25,Fallback
2026-10-02,CIRA,Cairo For Investment And Real Estate Developments-CIRA Education (EGX:CIRA) Stock Price \u0026 Overview,Consumer,39.29374217127953,17.52338764276463,25.033410918235187,32.54343419370574,-0.3629160895616469,0.8253131724321341,65.6,54.8,89.9,Medium,100,1.0,31.854195521917656,Review Required,Extreme valuation disagreement; Negative EPS CAGR; CAPM beta unavailable,3,24.106590289128548,9.202281538941344,15.658490271545647,36.31889405327155,0.3308097432521396,0.16817269076305222,0.4206827309236948,0.28329986613119146,1.3127057274522713,-0.23042134359576705,-0.2528921352200645,,0.25,Fallback
2026-10-02,CLHO,Cleopatra Hospitals Group S.A.E. (EGX:CLHO) Stock Price \u0026 Overview,Healthcare,15.696551724137931,5.801213057923546,8.070492021701757,10.339770985479968,-0.48584299510248036,0.72472892987246,51.6,47.9,88.4,Medium,100,1.0,25.70785024487598,Review Required,High valuation disagreement; Negative free cash flow; CAPM beta unavailable,2,46.16632860040568,6.014004492006871,,10.994951544917827,0.1509688013136289,0.07892813343144468,0.20750551876379691,-0.026204316899681137,0.9329110954726718,-0.09530287298975992,-0.20749898763601127,,0.25,Fallback
2026-10-02,CNFN,Contact Financial Holding S.A.E. (EGX:CNFN) Stock Price \u0026 Overview,Financials,4.116666666666666,2.3546369371409384,3.3637670530584836,4.372897168976029,-0.18289059439874886,0.9475082481015871,55.2,55.2,84.0,Medium,90,1.0,40.855470280062555,Review Required,Extreme valuation disagreement; High debt/equity,2,15.246913580246911,1.1403508771929824,,,0.06762350936967632,0.05423740392826644,,0.29615713065755767,2.0585604770017034,0.08178074106640287,-0.21792916096753212,,0.25,Fallback
2026-10-02,COMI,Commercial International Bank Egypt (CIB) S.A.E. (EGX:COMI) Stock Price \u0026 Overview,Financials,127.50733137829911,93.33989346999624,112.72851539991706,132.11713732983787,-0.11590561749375072,0.28797577475894215,60.0,59.2,88.3,High,90,1.0,44.204719125312465,Review Required,Negative free cash flow; Negative EPS CAGR,2,6.482324930264316,1.814534387054207,,,0.3699709751023421,0.6338257907822313,,-0.7349855568170387,0.1667883027984699,-0.28525231429707454,-0.279388592655322,,0.25,Fallback
2026-10-02,CPCI,Kahira Pharmaceuticals \u0026 Chemical Industries Company (EGX:CPCI) Stock Price \u0026 Overview,Materials & Chemicals,596.1152042866711,232.88742226201057,332.696317517158,432.5052127723054,-0.44189258196279,1.0807732307771132,73.8,55.1,90.8,Medium,100,1.0,27.9053709018605,Review Required,Extreme valuation disagreement; Negative EPS CAGR; CAPM beta unavailable,3,17.646986509374514,7.66510485131376,58.378612476282875,332.696317517158,0.4345305770887166,0.21081905557877142,0.28194316757208526,0.06422900125365649,0.1449526270456503,-0.24439863081719848,-0.1499658698797981,,0.25,Fallback
2026-10-02,CSAG,Canal Shipping Agencies Company (EGX:CSAG) Stock Price \u0026 Overview,Industrials,36.5,8.982968839981837,12.832812628545481,16.682656417109126,-0.6484160923686169,4.382066440419057,75.6,49.5,87.1,Medium,90,1.0,17.579195381569157,Review Required,Extreme valuation disagreement; Negative EPS CAGR; CAPM beta unavailable,3,9.656084656084657,6.392294220665499,12.832812628545481,3.274777088462484,0.6619964973730298,6.873560431567463,0.3733179779367196,4.329191417141471,,-0.29251603585831,-0.20032774183264868,,0.25,Fallback
2026-10-02,DOMT,Arabian Food Industries Company (DOMTY) - S.A.E (EGX:DOMT) Stock Price \u0026 Overview,Consumer,25.229114327164645,12.26353915034696,17.5193416433528,22.77514413635864,-0.3055903026889292,0.8954504904956831,54.3,50.8,79.6,Medium,100,0.6666666666666666,34.72048486555354,Review Required,Extreme valuation disagreement; Negative EPS CAGR; CAPM beta unavailable,2,40.04621321772166,4.680726220253181,,25.363193177203655,0.144257555847569,0.02263971952979996,0.09894411218808001,0.03663023303773974,1.557161629434954,-0.1972584382397693,-0.19098370986408597,,0.25,Fallback
2026-10-02,EAST,Eastern Company S.A.E (EGX:EAST) Stock Price \u0026 Overview,Consumer,29.47,29.089796909003496,37.72698897035454,46.364181031705584,0.28018286292346595,0.5157573712694704,54.3,68.1,90.1,Medium,100,1.0,64.0091431461733,Review Required,High valuation disagreement; Negative free cash flow; Negative EPS CAGR; CAPM beta unavailable,2,9.537216828478964,6.667420814479638,,27.998002641723357,0.7832880434782609,0.2500843495445125,0.26668915987853664,-0.1277052103918639,1.738149154589372,-0.1602959532362943,-0.17330314592819518,,0.25,Fallback
2026-10-02,EFIC,Egyptian Financial and Industrial SAE (EGX:EFIC) Stock Price \u0026 Overview,Materials & Chemicals,171.6,45.6496453172913,65.21377902470186,84.77791273211243,-0.6199663226998726,0.861653776918523,33.7,39.1,84.9,Medium,100,1.0,19.00168386500637,Review Required,Extreme valuation disagreement; Negative free cash flow; High debt/equity; CAPM beta unavailable,2,57.199999999999996,5.526570048309178,,93.30962852658402,0.1409591245574509,0.03642684854029776,0.19105048656741247,-0.23396822756383598,2.6746057289990346,-0.030467495661483546,-0.2552848005713042,,0.25,Fallback
2026-10-02,EFID,Edita Food Industries Company (S.A.E) (EGX:EFID) Stock Price \u0026 Overview,Consumer,19.322115384615383,13.525480769230768,19.322115384615383,25.11875,0.0,1.6029321529985088,64.0,63.3,89.3,Medium,100,1.0,50.0,Review Required,Extreme valuation disagreement; Negative EPS CAGR; CAPM beta unavailable,3,8.549608577263445,4.525085570167538,3.7368610137899827,19.322115384615383,0.5386569296713765,0.14185968726482148,0.1966719625386738,0.06028932184965298,0.9888871249404667,-0.3036643069505033,-0.26158003338274316,,0.25,Fallback
2026-10-02,EFIH,e-finance for Digital and Financial Investments S.A.E. (EGX:EFIH) Stock Price \u0026 Overview,Telecom & Technology,23.379710144927536,11.111028538816834,15.872897912595478,20.63476728637412,-0.32108234814710634,0.841907193729843,79.6,59.8,91.9,Medium,100,1.0,33.94588259264468,Review Required,Extreme valuation disagreement; Negative EPS CAGR; CAPM beta unavailable,3,34.38192668371696,8.117954911433172,4.216856375512243,17.580363313465785,0.30824834141994256,0.4033428349313294,0.43016325472920447,0.34970199533557916,0.020535696603624122,-0.2512752077679591,-0.23952821576159056,,0.25,Fallback
2026-10-02,EGAL,Egypt Aluminum (EGX:EGAL) Stock Price \u0026 Overview,Materials & Chemicals,342.0121212121212,306.1836679152519,395.41100082555,484.63833373584805,0.15613154125701287,0.5026287354070254,81.8,72.9,94.3,Medium,100,1.0,57.80657706285064,Review Required,High valuation disagreement; Negative EPS CAGR; CAPM beta unavailable,3,9.108178993665012,4.1627570741494795,265.84781988298755,395.41100082555,0.45706951492977693,0.29152944276116455,0.3788697141351601,0.2980973709467979,0.006273751917856721,-0.36618039170371053,-0.2774666827954466,,0.25,Fallback
2026-10-02,EGAS,Egypt Gas Company SAE (EGX:EGAS) Stock Price \u0026 Overview,Energy & Utilities,56.441547635556795,23.074520009346557,31.196403611275848,39.31828721320514,-0.44727944363412747,0.6413871679738953,67.7,53.6,91.3,Medium,100,1.0,27.636027818293627,Review Required,High valuation disagreement; Negative EPS CAGR; CAPM beta unavailable,2,24.1203195023747,1.6279650313111276,21.19191712967244,,0.06948589717943589,0.03439889086947911,-0.04214795008912656,0.056150722915428795,0.22504500900180036,-0.14169404025974763,-0.1175380373068724,,0.25,Fallback
2026-10-02,EGBE,Egyptian Gulf Bank (S.A.E) (EGX:EGBE) Stock Price \u0026 Overview,Financials,27.3320537428023,36.91922698646463,44.42378572869464,51.92834447092465,0.6253365424613699,0.27572437775221786,59.2,77.5,88.2,High,90,1.0,81.2668271230685,Review Required,Negative free cash flow; Negative EPS CAGR,2,3.5450134556163815,0.979994755926938,,,0.3213772332124033,0.39480322906155396,,-1.2439455095862766,0.09822712026832775,-0.3141544948372569,-0.24883570184780923,,0.25,Fallback
2026-10-02,EGCH,Egyptian Chemical Industries (EGX:EGCH) Stock Price \u0026 Overview,Materials & Chemicals,13.597989949748744,7.045274454012971,9.009259916025663,10.973245378038355,-0.33745649545857104,0.4719852597522051,60.8,54.6,91.3,High,100,1.0,33.12717522707145,Review Required,Negative free cash flow; Negative EPS CAGR; CAPM beta unavailable,2,15.108877721943049,0.6283729181954133,,6.883140975205411,0.04173063503140265,0.15973644377170332,0.2744190187872852,-0.01305938919063307,0.3148639218422889,-0.1239914599647125,-0.20701387862391318,,0.25,Fallback
2026-10-02,EGSA,The Egyptian Satellite Company Nilesat (EGX:EGSA) Stock Price \u0026 Overview,Travel & Leisure,463.2904608788853,8.922216817070579,10.987297726478985,13.052378635887392,-0.9762842133515214,0.3518066628636586,72.2,39.0,81.4,Medium,90,0.6666666666666666,1.18578933242393,Review Required,Negative EPS CAGR; CAPM beta unavailable,2,340.65475064623917,25.151490818614835,9.054595452957967,,0.0839660237949792,0.5888412892696858,0.613015095879233,0.4978580171358629,,-0.11700795627040539,0.026541752485211623,,0.25,Fallback
2026-10-02,EGTS,Egyptian Resorts Company (S.A.E) (EGX:EGTS) Stock Price \u0026 Overview,Industrials,16.438095238095237,3.0765951048333435,3.4184390053703817,3.7602829059074203,-0.7920416595805967,,28.3,33.6,85.2,High,90,1.0,10.397917020970162,Review Required,Only one usable valuation method; CAPM beta unavailable,1,,34.97467071935157,3.4184390053703817,,-0.2099190601891509,-0.11211951447245565,-0.3142390289449113,0.4840896358543418,,,-0.34658091231574406,,0.25,Fallback
2026-10-02,ELEC,Electro Cable Egypt (EGX:ELEC) Stock Price \u0026 Overview,Industrials,1.8821752265861027,1.988530115431004,2.209477906034449,2.430425696637894,0.173895966127452,,30.2,56.2,77.0,Medium,100,0.5,58.694798306372604,Review Required,Only one usable valuation method; High debt/equity; CAPM beta unavailable,1,,1.7427548394315764,,2.209477906034449,-0.053599553197430885,-0.02088801828272935,0.18990096854935248,0.34127761453912286,2.9681653169505724,,-0.21953159858811766,,0.25,Fallback
2026-10-02,EMFD,Emaar Misr for Development Company (S.A.E.) (EGX:EMFD) Stock Price \u0026 Overview,Real Estate,12.792660550458715,12.3395479366542,17.627925623791715,22.91630331092923,0.37797181080988024,0.8506631210950175,65.3,71.6,83.4,Medium,100,0.75,68.89859054049401,Review Required,Extreme valuation disagreement; Negative free cash flow; CAPM beta unavailable,3,10.48578733644157,0.9698757051143833,,17.627925623791715,0.10003619455967926,0.33483994222077257,0.3657797865896277,-0.16201481757606823,0.05223153381407133,-0.0653868561604043,-0.12383520263843129,,0.25,Fallback
2026-10-02,ENGC,Industrial Engineering Company for Construction and Development (ICON) (S.A.E.) (EGX:ENGC) Stock Price \u0026 Overview,Materials & Chemicals,36.42611683848797,48.067718732051524,68.66816961721646,89.26862050238141,0.8851355998688671,1.2811888539325216,57.6,83.6,88.4,Medium,100,1.0,94.25677999344336,Review Required,Extreme valuation disagreement; Negative EPS CAGR; CAPM beta unavailable,3,6.563264295223058,1.737887253744655,3.5467311880866794,91.52362472161224,0.23846946867565424,0.11784846505551927,0.2651861528412802,0.009737426518615285,0.5408406026962728,-0.3656683595911463,-0.22800684660362291,,0.25,Fallback
2026-10-02,ETEL,Telecom Egypt Company (EGX:ETEL) Stock Price \u0026 Overview,Unclassified,138.47368421052633,,,,,,66.6,,66.5,Low,100,0.0,,Review Required,Sector classification unresolved; Low valuation-method coverage; Only one usable valuation method; Negative EPS CAGR; CAPM beta unavailable,0,9.356330014224751,3.2106117368543083,,,0.37261423180300274,0.23773601247185172,0.44341763381257576,0.09113978867140135,0.9886786305758423,-0.2164910814834866,-0.20317973216479845,,0.25,Fallback
2026-10-02,EXPA,Export Development Bank of Egypt (S.A.E.) (EGX:EXPA) Stock Price \u0026 Overview,Financials,21.029411764705884,26.49989353051989,31.455481735283065,36.41106994004624,0.49578514545401975,0.23017164975789645,58.2,74.0,88.3,High,90,1.0,74.78925727270098,Review Required,Negative free cash flow; Negative EPS CAGR,2,3.9307311709730626,1.0374648132563338,,,0.2637812386816371,0.46808920881804744,,-1.5001606787068578,0.07048170952553423,-0.32058087555142845,-0.3114508280278694,,0.25,Fallback
2026-10-02,FAIT,Faisal Islamic Bank of Egypt (EGX:FAIT) Stock Price \u0026 Overview,Financials,49.24272211125616,72.1882605589016,87.53680308264727,102.88534560639293,0.7776597094870523,0.3013526646274456,79.5,87.1,91.1,High,90,1.0,88.88298547435261,Review Required,Negative free cash flow,2,4.342391720569326,0.6713390880880186,,,0.16141382519671715,0.5011492743153608,,-0.18506600118211072,0.0021302563668669093,2.287249954473702,-0.16545519799720987,,0.25,Fallback
2026-10-02,FERC,Ferchem Misr for fertilizers and chemicals S.A.E (EGX:FERC) Stock Price \u0026 Overview,Energy & Utilities,76.65,69.21978070175439,77.23695175438597,85.25412280701755,0.007657557134846241,0.015198729132979637,51.3,61.2,92.6,High,100,1.0,50.38287785674231,Review Required,Negative free cash flow; Negative EPS CAGR; CAPM beta unavailable,2,17.34162895927602,7.544291338582678,,76.65,0.4512795275590551,0.1729862290133937,0.2819279381248821,-0.05711092246745897,1.2561515748031495,-0.43700628338242875,-0.6507368554609234,,0.25,Fallback
2026-10-02,FWRY,Fawry for Banking Technology and Electronic Payments S.A.E. (EGX:FWRY) Stock Price \u0026 Overview,Telecom & Technology,18.82991202346041,13.888785673521042,19.841122390744346,25.79345910796765,0.05370234157355902,0.8648543079928025,73.6,67.5,90.9,Medium,100,1.0,52.68511707867795,Review Required,Extreme valuation disagreement; Negative EPS CAGR; CAPM beta unavailable,3,22.152837674659306,7.078914294533988,4.1050891255323485,21.26476930058005,0.34717625707270205,0.32172536604669566,0.3922635536208943,0.2569252077562327,0.4846802604889506,-0.32399102157964843,-0.30339937689961227,,0.25,Fallback
2026-10-02,GBCO,GB Corp (EGX:GBCO) Stock Price \u0026 Overview,Industrials,30.871559633027523,24.92940508538892,33.69646813786264,42.463531190336354,0.09150520862615974,0.6407100253480525,57.0,64.0,89.7,Medium,100,1.0,54.57526043130799,Review Required,High valuation disagreement; Negative EPS CAGR; CAPM beta unavailable,3,13.659982138507756,1.001672927742619,13.989798827230699,33.69646813786264,0.07028581188795263,0.026590130742886683,0.07975962263338143,0.030467185043186077,1.3325267592803463,-0.10608493952977283,-0.19474976824056778,,0.25,Fallback
2026-10-02,GOUR,Gourmet Egypt.Com Foods (EGX:GOUR) Stock Price \u0026 Overview,Consumer,15.975,5.967845237206599,7.976659917091837,9.985474596977076,-0.5006785654402606,0.6073462831634022,68.8,52.6,91.7,Medium,100,1.0,24.96607172798697,Review Required,High valuation disagreement; CAPM beta unavailable,3,27.543103448275865,19.96875,4.062999316361061,7.976659917091837,0.8010043942247332,0.07883843064565955,0.11,0.09314488724127279,1.8110483364720653,,-0.2368412110127427,,0.25,Fallback
2026-10-02,HDBK,Housing and Development Bank- Egypt (S.A.E) (EGX:HDBK) Stock Price \u0026 Overview,Financials,111.20754716981132,66.76846479179194,91.54792027664111,116.32737576149027,-0.17678320755650173,0.6826878605202685,66.9,59.0,86.9,Medium,90,1.0,41.16083962217491,Review Required,High valuation disagreement; Negative free cash flow; Negative EPS CAGR,2,5.937402411629008,2.532624622405177,,,0.4244848329706899,0.6066768292682927,,-0.24045731707317072,0.025662357609113017,-0.3672339573693916,-0.3305580105556404,,0.25,Fallback
2026-10-02,HELI,Heliopolis Co. for Housing \u0026 Development (EGX:HELI) Stock Price \u0026 Overview,Real Estate,7.451371571072319,4.053935441393172,5.791336344847389,7.528737248301606,-0.2227825052597714,1.1955286670324201,61.2,57.0,88.9,Medium,100,1.0,38.86087473701143,Review Required,Extreme valuation disagreement; Negative EPS CAGR; CAPM beta unavailable,4,8.7663194953792,3.079079161600132,0.8112699569574257,6.794522798345019,0.3537984496124031,0.7377155172413793,0.8657327586206897,0.12676939655172415,0.8443410852713178,-0.45733949689890896,-0.33428500482673995,,0.25,Fallback
2026-10-02,HRHO,EFG Holding Company S.A.E (EGX:HRHO) Stock Price \u0026 Overview,Financials,24.131944444444443,19.34717373511865,26.158875349032584,32.97057696294652,0.0839936835282568,0.6415893685071359,41.1,58.2,83.3,Medium,90,1.0,54.19968417641284,Review Required,High valuation disagreement; Negative free cash flow; Negative EPS CAGR,2,8.904776547765477,0.9591392863451687,,,0.0835496711664936,0.1375846099038119,,-0.644032775204845,1.2658142956040153,-0.171166464313675,-0.26441853321546793,,0.25,Fallback
2026-10-02,IFAP,International Company for Agricultural Crops (EGX:IFAP) Stock Price \u0026 Overview,Materials & Chemicals,19.324740091294817,4.762198665466814,6.803140950666878,8.844083235866941,-0.6479569236881236,1.819199227884123,52.1,43.7,87.6,Medium,100,1.0,17.602153815593816,Review Required,Extreme valuation disagreement; Negative free cash flow; Negative EPS CAGR; CAPM beta unavailable,2,18.40451437266173,2.284248237741704,,0.6150065683468567,0.10806686377075278,0.1838893188854489,0.009063467492260061,-0.14082430340557275,0.10363657038890152,-0.43585286067791673,-0.2682833152919072,,0.25,Fallback
2026-10-02,IRON,Egyptian Iron and Steel Company (EGX:IRON) Stock Price \u0026 Overview,Materials & Chemicals,26.554198613940443,21.26857361657569,23.63174846286188,25.994923309148067,-0.11005604776731369,,55.0,57.3,85.2,High,80,1.0,44.49719761163431,Review Required,Only one usable valuation method; Negative free cash flow; CAPM beta unavailable,1,13.902721787403374,,,,-0.2761778171614237,0.8337048595630852,,-0.12462327240303166,,,-0.06300527015577218,,0.25,Fallback
2026-10-02,ISMQ,Iron \u0026 Steel for Mines \u0026 Quarries (EGX:ISMQ) Stock Price \u0026 Overview,Materials & Chemicals,8.076816771934853,3.8656145057088453,5.518114784867484,7.170615064026122,-0.31679584411996214,0.7978730733839368,72.0,56.8,87.0,Medium,90,1.0,34.16020779400189,Review Required,Extreme valuation disagreement; Negative EPS CAGR; CAPM beta unavailable,3,15.83689563124481,11.21780107213174,1.907292816191791,5.518114784867484,0.705055020143209,0.4716952380952381,0.6129238095238095,0.3292,,-0.4707968095281341,-0.41710908281498027,,0.25,Fallback
2026-10-02,ISPH,Ibnsina Pharma (EGX:ISPH) Stock Price \u0026 Overview,Healthcare,11.673267326732674,12.066588796193408,13.895928061447893,15.72526732670238,0.19040605106551076,0.12658282546228922,36.7,61.4,89.7,High,100,1.0,59.52030255327554,Review Required,Negative free cash flow; High debt/equity; Negative EPS CAGR; CAPM beta unavailable,2,13.573566658991481,3.753462162936551,,14.775420979667286,0.342365317182021,0.012932903039352633,0.0435311401184914,-0.0076688261644429455,8.809690787376475,-0.23864913425596923,-0.23517463251945003,,0.25,Fallback
2026-10-02,JUFO,Juhayna Food Industries S.A.E. (EGX:JUFO) Stock Price \u0026 Overview,Consumer,25.095238095238095,21.848026997746096,25.44001795777207,29.032008917798045,0.01373885600230264,0.16477805416463612,52.2,61.4,91.8,High,100,1.0,50.68694280011513,Review Required,Negative free cash flow; Negative EPS CAGR; CAPM beta unavailable,2,16.51002506265664,4.224787558120891,,27.53599628626961,0.2871196522534889,0.0749320834701615,0.14893871092933694,-0.013494044242768009,0.9712880347746511,-0.2502926259182173,-0.23448350418932318,,0.25,Fallback
2026-10-02,KORA,Korra for Energy and Investment Projects (S.A.E.) (EGX:KORA) Stock Price \u0026 Overview,Travel & Leisure,6.182222222222222,,,,,,,,31.5,Low,10,0,,Review Required,Low valuation-method coverage; Only one usable valuation method; Missing EPS; Missing BVPS; CAPM beta unavailable,0,,,,,,,,,,,,,0.25,Fallback
2026-10-02,MASR,Madinet Masr For Housing and Development (EGX:MASR) Stock Price \u0026 Overview,Real Estate,7.630841121495325,8.47966909737397,12.11381299624853,15.74795689512309,0.5874806988347742,1.2106298446832064,62.5,77.6,89.1,Medium,100,1.0,79.3740349417387,Review Required,Extreme valuation disagreement; Negative EPS CAGR; CAPM beta unavailable,4,5.610912589334798,1.2739300703664984,0.301317488608614,14.96666103477838,0.2586765386395187,0.27822480298631275,0.34848610535047697,0.007726254666113646,0.5468918710473546,-0.374710855892899,-0.2864448751202776,,0.25,Fallback
2026-10-02,MBSC,Misr Beni Suef Cement Co. S.A.E (EGX:MBSC) Stock Price \u0026 Overview,Materials & Chemicals,297.1841704718417,298.91160592251885,427.01657988931265,555.1215538561065,0.43687525217556167,1.6464679124534027,72.0,76.6,90.5,Medium,100,1.0,71.84376260877808,Review Required,Extreme valuation disagreement; Negative EPS CAGR; CAPM beta unavailable,3,4.414500452641737,3.2928993958098802,129.8572416187259,427.01657988931265,0.8946037099494097,0.704515272244356,0.4897078353253652,0.1636570385126162,0.02948566610455312,-0.5106004796492751,-0.2857230888149712,,0.25,Fallback
2026-10-02,MCQE,Misr Cement (Qena) Company (S.A.E) (EGX:MCQE) Stock Price \u0026 Overview,Materials & Chemicals,189.79166666666666,246.81293711901588,335.17490359106193,423.536870063108,0.7660148597553209,0.654517692408787,78.8,87.1,92.9,Medium,100,1.0,88.30074298776604,Review Required,High valuation disagreement; Negative EPS CAGR; CAPM beta unavailable,3,7.005967761781715,5.092344155263393,122.06561023085123,341.4435146826107,0.5785491766800178,0.2451442579671884,0.3969451254007166,0.2049783141617952,0.06466399643969738,-0.4379086311330551,-0.24933686303131486,,0.25,Fallback
2026-10-02,MFPC,Misr Fertilizer Production Company (EGX:MFPC) Stock Price \u0026 Overview,Materials & Chemicals,45.599303135888505,37.004051350124364,52.86293050017766,68.72180965023097,0.15929250810353693,0.997563947506147,77.0,71.1,91.3,Medium,100,1.0,57.96462540517685,Review Required,Extreme valuation disagreement; Negative EPS CAGR; CAPM beta unavailable,3,8.507332674606063,2.904414212476975,13.58321378760423,52.86293050017766,0.3417077613399085,0.4562522244631629,0.5853600664372998,0.21167991458061455,0.0028677417921720203,-0.2217747310497592,-0.2117838483651664,,0.25,Fallback
2026-10-02,MHOT,Misr Hotels Company (EGX:MHOT) Stock Price \u0026 Overview,Travel & Leisure,17.386363636363637,8.869416774199392,11.017440552999565,13.16546433179974,-0.36631714466407733,0.3798630792576816,90.4,60.4,87.9,Medium,100,0.6666666666666666,31.684142766796132,Review Required,CAPM beta unavailable,2,12.598814229249014,3.6913723219455705,8.92488110599913,,0.39490616621983915,0.7372372372372372,0.9324324324324325,0.511011011011011,0.2488230563002681,,-0.4990387382443524,,0.25,Fallback
2026-10-02,MICH,Misr Chemical Industries Co. (EGX:MICH) Stock Price \u0026 Overview,Materials & Chemicals,45.94767070835992,31.34481916449378,44.77831309213398,58.21180701977417,-0.025449769230917435,0.9882015926442483,74.6,65.7,90.9,Medium,100,1.0,48.72751153845413,Review Required,Extreme valuation disagreement; Negative EPS CAGR; CAPM beta unavailable,3,10.46643979689292,3.4651335375837045,10.06590322148991,44.77831309213398,0.3703573883161512,0.4898818181818182,0.5878363636363636,0.1862181818181818,0.17933333333333334,-0.24179676517575022,-0.15261646048818434,,0.25,Fallback
2026-10-02,MIPH,MINAPHARM Pharmaceuticals (EGX:MIPH) Stock Price \u0026 Overview,Healthcare,812.3938879456706,584.1844463678135,834.5492090968766,1084.9139718259396,0.027271649233145887,0.9560914782281056,46.9,59.1,86.8,Medium,100,1.0,51.363582461657295,Review Required,Extreme valuation disagreement; Negative free cash flow; CAPM beta unavailable,2,28.227723695124062,1.4229806588528326,,1233.501902586641,0.052586433260393875,0.05420751879699248,0.20721804511278197,-0.08052631578947368,0.7258935083880379,0.0482136971097884,-0.14689091637200868,,0.25,Fallback
2026-10-02,MOIL,Maridive and Oil Services S.A.E. (EGX:MOIL) Stock Price \u0026 Overview,Energy & Utilities,37.000808063624376,2.105279942876697,2.9497258316431147,3.7941717204095324,-0.9202794212880178,0.7451178000445248,85.8,45.8,89.4,Medium,90,1.0,3.9860289355991085,Review Required,High valuation disagreement; Missing BVPS; CAPM beta unavailable,3,194.74109507170724,,1.1474781953894648,2.9497258316431147,0.30560790174800184,0.3563823741143485,0.5022543856325541,0.3793051187814951,0.7451101436090715,,-0.1518621212195952,,0.25,Fallback
2026-10-02,MOIN,Mohandes Insurance Company (EGX:MOIN) Stock Price \u0026 Overview,Financials,35.03846153846154,8.711623197409587,9.89598215082734,11.080341104245093,-0.7175680176492746,0.0787231566777777,61.9,45.0,89.8,High,90,1.0,14.12159911753627,Review Required,Negative EPS CAGR,2,24.164456233421753,4.678032248125706,,,0.19075757575757576,,,,0.006005050505050505,-0.24147777766075895,,,0.25,Fallback
2026-10-02,MPCI,Memphis Pharmaceuticals \u0026 Chemical Industries (EGX:MPCI) Stock Price \u0026 Overview,Materials & Chemicals,346.3736263736264,193.65006204362857,239.1143267472963,284.57859145096404,-0.30966358711916364,0.36054438597844135,74.3,59.3,94.0,High,100,1.0,34.516820644041815,Review Required,Negative free cash flow; Negative EPS CAGR; CAPM beta unavailable,2,15.185165557809137,11.101718794026487,,196.00866268942013,0.7312564286821378,0.30983880597014923,0.3277373134328358,-0.061570149253731346,0.11833002212171169,-0.12830386089952273,-0.20917310141417966,,0.25,Fallback
2026-10-02,MPRC,Egyptian Media Production City (EGX:MPRC) Stock Price \u0026 Overview,Healthcare,39.022222222222226,35.24000129106479,50.342858987235424,65.44571668340605,0.29010743418314,1.1328913204365096,72.4,73.0,90.6,Medium,100,1.0,64.505371709157,Review Required,Extreme valuation disagreement; Negative EPS CAGR; CAPM beta unavailable,3,8.671604938271606,1.8787781522495053,11.07626566383005,50.342858987235424,0.20204216354344123,0.6890268700072621,0.5912127814088598,0.3357661583151779,0.012627768313458262,-0.320889932750961,-0.17509534325026965,,0.25,Fallback
2026-10-02,MTIE,MM Group for Industry and International Trade S.A.E. (EGX:MTIE) Stock Price \u0026 Overview,Consumer,8.246696035242291,4.4603248470765235,6.273051567322964,8.085778287569404,-0.23932547768038842,0.7558819185795567,69.3,59.1,90.9,Medium,100,1.0,38.03372611598058,Review Required,Extreme valuation disagreement; Negative EPS CAGR; CAPM beta unavailable,3,18.325991189427313,3.6980699709606686,2.1693781098733824,6.273051567322964,0.23352272727272727,0.0540386553885261,0.06332997326554762,0.040040320813428586,0.0548125,-0.21990738288910305,-0.16969932920836095,,0.25,Fallback
2026-10-02,NAPR,National Printing Company S.A.E. (EGX:NAPR) Stock Price \u0026 Overview,Industrials,48.9922912603325,13.33442735545907,19.0491819363701,24.76393651728113,-0.6111800153385841,1.7850978530828183,64.3,48.1,89.4,Medium,100,1.0,19.440999233070794,Review Required,Extreme valuation disagreement; CAPM beta unavailable,3,40.489496909365705,4.548959262797818,12.415899657785722,46.420553435383994,0.08763309596473381,0.03410716642470635,0.17579516959218688,0.050968721129734725,1.2139708375720584,0.1664487498812861,-0.13352094127215453,,0.25,Fallback
2026-10-02,NINH,Nozha International Hospital (EGX:NINH) Stock Price \u0026 Overview,Industrials,19.266666666666666,3.828281187922138,5.468973125603054,7.109665063283971,-0.7161432633770042,1.1489312617276142,78.5,49.6,91.5,Medium,100,1.0,14.19283683114979,Review Required,Extreme valuation disagreement; Negative EPS CAGR; CAPM beta unavailable,3,34.4047619047619,7.243107769423558,2.53267612410536,5.468973125603054,0.23230193982283118,0.3374280090398775,0.28635999125173145,0.2569074870598527,0.00560867273959196,-0.1861049751822067,-0.14513463870674903,,0.25,Fallback
2026-10-02,NIPH,EI- Nile Co. for Pharmaceuticals and Chemical Industries (EGX:NIPH) Stock Price \u0026 Overview,Healthcare,331.0,75.2978902675062,97.43238746019455,119.56688465288289,-0.7056423339571162,0.5087120933675685,47.5,41.5,89.1,Medium,100,1.0,14.717883302144195,Review Required,High valuation disagreement; Negative free cash flow; CAPM beta unavailable,2,68.95833333333334,14.997734481196193,,122.21490435353235,0.2175090579710145,0.107248771773113,0.28889236266190266,-0.32051362215274676,1.2264492753623188,0.05789648870565345,-0.1952940274229681,,0.25,Fallback
2026-10-02,OCDI,Sixth of October for Development and Investment Company \,Real Estate,26.906976744186046,21.76049257721203,25.582966155021644,29.405439732831255,-0.04920696225935116,0.19765916972208575,53.7,58.6,85.6,High,100,0.75,47.53965188703244,Review Required,Negative free cash flow; CAPM beta unavailable,3,8.651761010992297,2.080972679364737,,23.244213770169157,0.23993308639024974,0.17878288741485998,0.20349018385789966,-0.20829809019276144,0.7190823276377106,-0.05051049100329286,-0.209748525400832,,0.25,Fallback
2026-10-02,OCPH,October Pharma S.A.E (EGX:OCPH) Stock Price \u0026 Overview,Healthcare,223.75,72.8920368020796,104.131481145828,135.37092548957642,-0.5346079054935061,1.0225097476902405,71.9,52.2,90.5,Medium,100,1.0,23.269604725324694,Review Required,Extreme valuation disagreement; Negative EPS CAGR; CAPM beta unavailable,3,32.5218023255814,8.089298626174982,79.88054386533,186.35599837836162,0.27968425175499384,0.12699042407660738,0.28703146374829,0.2432763337893297,0.6403392485914856,-0.11762767949207764,-0.17958337514716716,,0.25,Fallback
2026-10-02,OIH,Orascom Investment Holding S.A.E. (EGX:OIH) Stock Price \u0026 Overview,Financials,1.8685714285714285,0.46964515895915926,0.5218279543990658,0.5740107498389725,-0.7207342751686957,,8.0,27.4,73.7,Medium,100,0.5,13.963286241565214,Review Required,Only one usable valuation method; Negative free cash flow; High debt/equity,1,,4.917293233082707,,,-0.2608895405669599,-0.38291248206599715,-0.15530846484935437,-0.6787661406025824,3.1207233626588464,,-0.3644341332323734,,0.25,Fallback
2026-10-02,OLFI,Obour Land for Food Industries S.A.E. (EGX:OLFI) Stock Price \u0026 Overview,Consumer,21.6,26.576549903257668,30.54223486773021,34.507919832202745,0.4139923549875095,0.11937063304591862,39.6,67.8,90.2,High,100,1.0,70.69961774937548,Review Required,Negative free cash flow; High debt/equity; Negative EPS CAGR; CAPM beta unavailable,2,11.550802139037433,5.552699228791774,,32.36515782312925,0.5614615384615385,0.07232103046816943,0.14532243415077203,-0.094707290892577,2.6557692307692307,-0.16260604064943718,-0.24318333815473625,,0.25,Fallback
2026-10-02,ORAS,Orascom Construction (EGX:ORAS) Stock Price \u0026 Overview,Industrials,,,,,,,,,27.5,Low,0,0,,Review Required,Low valuation-method coverage; Only one usable valuation method; Missing EPS; Missing BVPS; CAPM beta unavailable,0,,,,,,,,,,,,,0.25,Fallback
2026-10-02,ORHD,Orascom Development Egypt S.A.E. (EGX:ORHD) Stock Price \u0026 Overview,Real Estate,38.92035398230089,26.70595037837373,38.15135768339104,49.59676498840835,-0.019758204132972433,1.4075211141421862,62.9,62.5,89.2,Medium,100,1.0,49.01208979335138,Review Required,Extreme valuation disagreement; Negative EPS CAGR; CAPM beta unavailable,4,8.228404647420906,2.31530957657947,3.1824052868051176,56.881246759368736,0.26240439301823887,0.18956540218892784,0.27156164771721036,0.01851521269436475,0.5828103549715631,-0.2557608311308277,-0.24223300491812383,,0.25,Fallback
2026-10-02,ORWE,Oriental Weavers Carpets Company (S.A.E) (EGX:ORWE) Stock Price \u0026 Overview,Consumer,27.845018117303905,36.46564118639306,46.22734163428706,55.98904208218106,0.6601656152473361,0.4446689861701844,69.9,82.2,92.8,High,100,1.0,83.00828076236681,Review Required,Negative EPS CAGR; CAPM beta unavailable,3,9.250836583821895,0.9241625661235946,37.29539485012914,57.851259987990325,0.1402324192733453,0.10919951355604836,0.1482938693754918,0.12815652049502826,0.3869367507234394,-0.16939203163555105,-0.1641995420704213,,0.25,Fallback
2026-10-02,PHAR,Egyptian International Pharmaceutical Industries Company (EGX:PHAR) Stock Price \u0026 Overview,Healthcare,115.78573121592794,90.83449128072752,106.23382634906534,121.63316141740316,-0.08249639024215621,0.17982793607521474,40.9,55.7,90.1,High,100,1.0,45.87518048789219,Review Required,Negative free cash flow; CAPM beta unavailable,2,15.135389701428489,3.209138891794012,,96.68192148220275,0.2034788316376764,0.1254552812626467,0.22996762444354513,-0.1489275596924322,1.6506399737446669,-0.08449497260883154,-0.19176276751527244,,0.25,Fallback
2026-10-02,PHDC,Palm Hills Developments S.A.E. (EGX:PHDC) Stock Price \u0026 Overview,Real Estate,13.301418439716311,9.130594378639794,13.043706255199705,16.95681813175962,-0.019374789665071432,0.95037212420029,48.8,58.5,87.1,Medium,100,1.0,49.03126051674643,Review Required,Extreme valuation disagreement; Negative EPS CAGR; CAPM beta unavailable,4,9.433630099089584,1.9852863342860165,2.7944946608076804,15.190869482006436,0.1956964233788892,0.10065307343337156,0.20255247021287204,0.03644249464080961,1.70955704177571,-0.2814964300604451,-0.28084609130353444,,0.25,Fallback
2026-10-02,PHTV,Pyramisa Hotels \u0026 Resorts (EGX:PHTV) Stock Price \u0026 Overview,Healthcare,335.86497890295357,372.62455174466123,532.0089480052113,691.3933442657615,0.5839964909200388,0.7983587633867305,77.8,82.0,91.9,Medium,100,1.0,79.19982454600193,Review Required,Extreme valuation disagreement; Negative EPS CAGR; CAPM beta unavailable,3,9.555191433938935,3.344935553261165,321.365192330428,746.0991981705439,0.32801659125188537,0.26865348980852377,0.4203211859172329,0.43638048177887584,0.02393288084464555,-0.42392914088575195,-0.3774025274619952,,0.25,Fallback
2026-10-02,POUL,Cairo Poultry Company S.A.E. (EGX:POUL) Stock Price \u0026 Overview,Consumer,10.273743016759777,13.513993794892258,19.305705421274656,25.097417047657054,0.8791306527504965,3.556979638211376,80.1,89.9,91.8,Medium,100,1.0,93.95653263752482,Review Required,Extreme valuation disagreement; CAPM beta unavailable,3,2.243175331170257,0.6093560508161197,1.669276219217344,19.305705421274656,0.3013916015625,0.1547962382445141,0.1999373040752351,0.034754858934169276,0.037305908203125,,-0.20718410533210885,,0.25,Fallback
2026-10-02,PRDC,Pioneers Properties For Urban Development - PRE Group (EGX:PRDC) Stock Price \u0026 Overview,Real Estate,7.394230769230769,10.235165036343925,14.62166433763418,19.008163638924433,0.977442251123478,1.6719731462112148,68.0,87.4,83.7,Medium,100,0.75,98.8721125561739,Review Required,Extreme valuation disagreement; CAPM beta unavailable,3,12.532594524119949,1.0005724992193192,29.81601525580683,,0.04300583726000422,0.09004564865262848,0.14902076277426005,0.6595494036224415,0.8733384907518109,0.11570564909204784,-0.0668101484282001,,0.25,Fallback
2026-10-02,QNBE,Qatar National Bank (EGX:QNBE) Stock Price \u0026 Overview,Financials,59.38139534883721,73.99314270646121,84.20483307283345,94.41652343920569,0.4180339242311578,0.08508808787921135,59.9,72.8,89.5,High,90,1.0,70.90169621155789,Review Required,Negative free cash flow; Negative EPS CAGR,2,4.434756934192473,1.0114357920088095,,,0.2653245121054753,0.5721712746735759,,-3.1715303582995262,0.03710290642068404,-0.2536952197821404,-0.23586496848865524,,0.25,Fallback
2026-10-02,RAYA,Raya Holding Company for Financial Investments (S.A.E) (EGX:RAYA) Stock Price \u0026 Overview,Telecom & Technology,6.647196261682242,9.967246189232748,14.238923127475354,18.510600065717963,1.142094586488384,1.6500222758687157,41.8,82.0,86.0,Medium,100,1.0,100,Review Required,Extreme valuation disagreement; High debt/equity; Negative EPS CAGR; CAPM beta unavailable,3,10.897043051938102,4.521902218831458,1.5271950488240111,25.021735393540588,0.285777045579352,0.0389736830280245,0.10706529065500352,0.014141665293650674,2.8261394838001097,-0.45270259577981653,-0.2406920149828924,,0.25,Fallback
2026-10-02,RMDA,Tenth of Ramadan for Pharmaceutical Industries and Diagnostic Reagents (Rameda) (S.A.E) (EGX:RMDA) Stock Price \u0026 Overview,Healthcare,5.458128078817735,2.5884488478107817,3.633236550509112,4.678024253207443,-0.33434384498795156,0.7502556337015033,57.8,51.3,80.8,Medium,100,0.6666666666666666,33.28280775060242,Review Required,Extreme valuation disagreement; Negative EPS CAGR; CAPM beta unavailable,2,36.38752052545157,4.7461983294067265,,4.996164645803951,0.1393681550126369,0.0754010938924339,0.24658158614402917,0.034480401093892436,1.016849199663016,-0.11813979377827954,-0.2225897101454163,,0.25,Fallback
2026-10-02,SAUD,alBaraka Bank Egypt S.A.E. (EGX:SAUD) Stock Price \u0026 Overview,Financials,23.10421651951481,27.308072459727494,30.40824294707155,33.5084134344156,0.31613391526985757,0.00780659280316822,56.4,69.4,89.4,High,90,1.0,65.80669576349288,Review Required,Negative free cash flow; Negative EPS CAGR,2,5.000912666561647,1.0393259792854166,,,0.24020032150364784,0.45396120588922645,,-1.7619770974526758,0.41158649684679116,-0.2158200783423666,-0.21506520768516946,,0.25,Fallback
2026-10-02,SCEM,Sinai Cement Co. (S.A.E) (EGX:SCEM) Stock Price \u0026 Overview,Materials & Chemicals,80.17330623825774,93.5390162844154,127.2809864681801,161.0229566519448,0.587573126770256,0.6603931072517298,96.6,87.7,95.5,Medium,100,1.0,79.3786563385128,Review Required,High valuation disagreement; CAPM beta unavailable,3,6.327806332932734,2.9367511442585252,72.70590287025507,127.2809864681801,0.4517623929223424,0.349370112945265,0.3991094700260643,0.29745873153779323,0.024888358376632495,,-0.309728084320681,,0.25,Fallback
2026-10-02,SCTS,Suez Canal Company for Technology Settling (S.A.E) (EGX:SCTS) Stock Price \u0026 Overview,Telecom & Technology,545.1045104510451,344.9677949175749,492.8111355965356,640.6544762754963,-0.09593275023763703,0.8849784977404498,82.7,66.3,92.2,Medium,100,1.0,45.203362488118145,Review Required,Extreme valuation disagreement; Negative EPS CAGR; CAPM beta unavailable,3,24.532156185915625,12.56001176154482,82.54302334100025,492.8111355965356,0.5280728376327769,0.6825760052304675,0.7420725727361883,0.455050670153645,0.0011962569549822965,-0.19870874864091492,-0.15860089317366188,,0.25,Fallback
2026-10-02,SKPC,Sidi Kerir Petrochemicals Co. (EGX:SKPC) Stock Price \u0026 Overview,Materials & Chemicals,16.256637168141594,2.437159537349455,3.481656481927793,4.526153426506131,-0.7858316916397167,1.3404457459218246,57.9,41.9,88.4,Medium,100,1.0,10.70841541801417,Review Required,Extreme valuation disagreement; Negative free cash flow; CAPM beta unavailable,2,34.588589719450205,2.713962799355859,,1.1481706719471645,0.09107773851590106,0.04018187723286781,0.030439753166612536,-0.006446898343618058,0.35203180212014135,-0.02224445745082626,-0.19718545130624343,,0.25,Fallback
2026-10-02,SPHT,El Shams Pyramids Co. For Hotels \u0026 Touristic Projects S.A.E (EGX:SPHT) Stock Price \u0026 Overview,Travel & Leisure,74.28096030425482,,,,,,74.3,,63.1,Low,80,0,,Review Required,Low valuation-method coverage; Only one usable valuation method; Negative free cash flow; CAPM beta unavailable,0,,135.05629146228148,,,-0.01491658488714426,,,,0.0,,,,0.25,Fallback
2026-10-02,SPIN,Alexandria Spinning \u0026 Weaving Co. (EGX:SPIN) Stock Price \u0026 Overview,Consumer,16.46706586826347,0.18261501725626522,0.2608785960803789,0.33914217490449255,-0.9841575543471188,0.8226001642540778,43.9,33.0,86.6,Medium,100,1.0,0.7921222826440584,Review Required,Extreme valuation disagreement; Negative free cash flow; CAPM beta unavailable,2,1646.7065868263471,7.87897888433659,,0.36817798407342534,0.006596498679373001,0.007341861907997755,0.05874966762194581,-0.07235500930658552,0.5296975166903362,,-0.29174731389658937,,0.25,Fallback
2026-10-02,SUGR,Delta Sugar Company (EGX:SUGR) Stock Price \u0026 Overview,Consumer,52.88326300984529,,,,,,5.4,,60.8,Low,100,0,,Review Required,Low valuation-method coverage; Only one usable valuation method; Negative free cash flow; High debt/equity; CAPM beta unavailable,0,,2.7543366150961086,,,-0.5633699633699634,-0.16838186993650098,-3.18743157433764,-0.07432340705058026,2.2677655677655677,,-0.18691209344374493,,0.25,Fallback
2026-10-02,SVCE,South Valley Cement Company (EGX:SVCE) Stock Price \u0026 Overview,Industrials,10.201965744619086,0.5802751992462204,0.8226824404271937,1.0650896816081672,-0.9193603996503215,0.7786187684039965,46.6,35.5,87.3,Medium,100,1.0,4.031980017483924,Review Required,Extreme valuation disagreement; CAPM beta unavailable,2,,1.5866198669703089,0.5024044461506859,1.1429604347037017,-0.09032226877215598,-0.10162073966642494,0.08917693981145758,0.01629804205946338,0.6197228488559459,,-0.3381693799663975,,0.25,Fallback
2026-10-02,SWDY,El Sewedy Electric Company (EGX:SWDY) Stock Price \u0026 Overview,Industrials,119.96261682242991,110.43084834638763,126.1238498379317,141.81685132947575,0.051359608340502634,0.09770131538830976,48.9,61.4,91.7,High,100,1.0,52.56798041702513,Review Required,Negative free cash flow; Negative EPS CAGR; CAPM beta unavailable,2,15.743125567248018,3.6484980785410555,,132.2850828534335,0.24409075961854654,0.057888596348935,0.10019528081755905,-0.00953943674274092,1.1112660309108846,-0.27848351294501805,-0.283482225475463,,0.25,Fallback
2026-10-02,TALM,Taaleem Management Services Company S.A.E. (EGX:TALM) Stock Price \u0026 Overview,Consumer,20.993406353877173,11.846708982745497,13.49095560769384,15.135202232642182,-0.35737176805505605,0.08751079545785011,62.0,55.0,93.8,High,100,1.0,32.131411597247194,Review Required,Negative free cash flow; Negative EPS CAGR; CAPM beta unavailable,2,24.99215042128235,6.838243112012109,,14.081257736051755,0.15978871488938604,0.26099472188388145,0.5286236297198539,-0.018574908647990256,0.6216753666418096,-0.21524851802565148,-0.24552444923820582,,0.25,Fallback
2026-10-02,TAQA,TAQA Arabia S.A.E. (EGX:TAQA) Stock Price \u0026 Overview,Energy & Utilities,17.157894736842106,11.850914624875314,14.663094504410909,17.475274383946502,-0.14540246753433358,0.3671449921269056,52.9,57.3,90.7,High,100,1.0,42.72987662328332,Review Required,High debt/equity; Negative EPS CAGR; CAPM beta unavailable,3,17.87280701754386,5.183653999045953,11.519447552495526,14.663094504410909,0.23970808383233533,0.04341342732233029,0.07401633510692378,0.07499915274341681,2.625,-0.18274165797437714,-0.20960832934878237,,0.25,Fallback
2026-10-02,TMGH,Talaat Moustafa Group Holding (EGX:TMGH) Stock Price \u0026 Overview,Real Estate,87.72815533980582,67.10744098924,80.05742365383263,93.00740631842525,-0.0874375125780477,0.24703469452567908,56.7,58.4,85.8,High,100,0.75,45.62812437109761,Review Required,Negative free cash flow; Negative EPS CAGR; CAPM beta unavailable,3,11.697087378640777,1.9718623362509737,,80.05742365383263,0.09237168607013937,0.22631232154623326,0.3242843546379676,-0.05526026795519438,0.4411321747029715,-0.36571288034119254,-0.25812185696262,,0.25,Fallback
2026-10-02,UBEE,The United Bank (EGX:UBEE) Stock Price \u0026 Overview,Financials,15.790909090909091,11.668243814604665,16.3041067275229,20.93996964044113,0.03249956247986123,0.7373485197057627,61.0,62.5,85.7,Medium,90,1.0,51.62497812399306,Review Required,High valuation disagreement; Negative free cash flow,2,10.05790387955993,0.9717482517482517,,,0.1216374269005848,0.34782608695652173,,-3.3468705207835643,0.3791701475912002,0.11617900762012123,-0.15884855844560064,,0.25,Fallback
2026-10-02,VALU,U Consumer Finance S.A.E. (EGX:VALU) Stock Price \u0026 Overview,Financials,11.018957345971565,1.809972348976078,2.2762643584179045,2.742556367859731,-0.7934228904833643,0.4193986919268348,49.0,38.9,85.8,High,90,1.0,10.32885547583178,Review Required,Negative free cash flow; High debt/equity,2,26.235612728503725,8.41141782135234,,,0.3305375953505267,0.616928813559322,,-7.429830508474576,5.580820922629858,0.11994446021554528,-0.3174790575406734,,0.25,Fallback
2026-10-02,ZMID,Zahraa El Maadi Investment and Development Company SAE (EGX:ZMID) Stock Price \u0026 Overview,Materials & Chemicals,7.7,6.862120303237905,7.950487284544408,9.038854265850912,0.032530816174598465,0.14757246561340576,62.2,63.7,89.4,High,90,1.0,51.62654080872992,Review Required,Negative free cash flow; Negative EPS CAGR; CAPM beta unavailable,2,11.159420289855074,2.9166666666666665,,7.363850778840283,0.31843323216995445,0.7630818181818182,0.8464181818181818,-0.1905090909090909,,-0.20436346381319848,-0.1747919824477785,,0.25,Fallback
