as_of_date,version,ticker,company_name,sector,sector_source,sector_confidence,data_source,price,fair_value_bear,fair_value_base,fair_value_bull,base_upside,dispersion,valuation_score,quality_score,confidence_score,confidence,opportunity_score,data_completeness,valuation_coverage,methods_used,applicable_methods,research_status,research_signal,red_flags,pe,pb,residual_income,ddm,dcf,ev_ebitda,book_nav_proxy,sotp,roe,eps_growth,revenue_growth,beta,dividend_per_share,dividend_payout_ratio,discount_rate,discount_rate_source,investingpro_fair_value,investingpro_fair_value_upside,investingpro_as_of_date,investingpro_source,investingpro_status
2026-09-27,V3,ABUK,Abu Qir Fertilizers \u0026 Chemical Industries Company (S.A.E) (EGX:ABUK) Stock Price \u0026 Overview,Materials & Chemicals,Controlled sector registry,High,StockAnalysis.com scrape,90.63492063492063,60.09583198520506,82.21728722964373,104.33874247408241,-0.09287406384105865,0.8593676137637647,45.35629680794707,79.0,90.0,Medium,64.9,100,1.0,3,"pe,dcf,ev_ebitda",Review Required,Deep Research Required,Extreme valuation disagreement,13.837392463346662,4.920462575185701,,,16.215190301226116,82.21728722964373,,,0.43034162292401684,-0.18675214924225159,-0.19283296081442047,,6.0,75.62,0.25,Fallback,,,,,
2026-09-27,V3,ACAP,A Capital Holding (EGX:ACAP) Stock Price \u0026 Overview,Materials & Chemicals,Controlled sector registry,High,StockAnalysis.com scrape,8.355441293110522,7.75165644320218,8.490129737986566,9.22860303277095,0.016119848150582004,0.031728241860291176,50.805992407529104,37.6,75.1,Medium,53.6,80,0.6666666666666666,2,"pe,dcf,ev_ebitda",Quantitative Pass,Standard Research Review,,13.262605227159558,3.8327712353717986,,,,8.62481818286261,,,0.3831467661691542,-0.5433288596037058,,,,23.9,0.25,Fallback,,,,,
2026-09-27,V3,ADIB,Abu Dhabi Islamic Bank - Egypt - S.A.E (EGX:ADIB) Stock Price \u0026 Overview,Financials,Controlled sector registry,High,StockAnalysis.com scrape,51.0,28.181222486002238,39.14058678611422,50.099951086226206,-0.2325375139977604,1.3028037134260502,38.37312430011198,59.3,76.1,Medium,53.0,90,0.75,3,"pe,pb,residual_income,ddm",Review Required,Data Limited,Extreme valuation disagreement; DDM unavailable; Negative free cash flow,5.345911949685535,1.756198347107438,17.850706576933767,,,,,,0.31871231054960675,-0.2331429239807583,-0.3050215422584154,,,10.45,0.25,Fallback,,,,,
2026-09-27,V3,ALCN,Alexandria Container\u0026Cargo Handling Company (EGX:ALCN) Stock Price \u0026 Overview,Consumer,Controlled sector registry,High,StockAnalysis.com scrape,33.493288590604024,16.299095820308594,22.637633083761937,28.97617034721528,-0.3241143513715001,1.2930085885623561,33.794282431424996,81.3,77.4,Medium,56.6,90,0.6666666666666666,2,"pe,dcf,ev_ebitda",Review Required,Deep Research Required,Extreme valuation disagreement,13.955536912751677,12.313709040663243,,,8.002306082748177,,,,0.8911514253980007,-0.27041748415797606,-0.17996249519174812,,,,0.25,Fallback,,,,,
2026-09-27,V3,AMES,Alexandria New Medical Center (EGX:AMES) Stock Price \u0026 Overview,Materials & Chemicals,Controlled sector registry,High,StockAnalysis.com scrape,48.98192820345081,2.034526346229019,2.8257310364291928,3.6169357266293667,-0.9423107431644532,2.016618264186638,2.884462841777342,64.6,86.7,Medium,39.3,100,1.0,3,"pe,dcf,ev_ebitda",Review Required,Deep Research Required,Extreme valuation disagreement,113.9114609382577,20.58064210229026,,,0.004499429936461387,2.8257310364291928,,,0.1806205990364206,-0.13353670915997207,-0.11001452188367344,,,,0.25,Fallback,,,,,
2026-09-27,V3,AMIA,Arab Moltaqa Investments Company (EGX:AMIA) Stock Price \u0026 Overview,Financials,Controlled sector registry,High,StockAnalysis.com scrape,18.822100789313904,3.562830299387083,4.582575587905935,5.602320876424787,-0.7565321937651266,0.6478485028952079,12.173390311743674,35.7,78.9,Medium,34.7,100,0.75,3,"pe,pb,residual_income,ddm",Review Required,Data Limited,High valuation disagreement; DDM unavailable; Negative free cash flow,26.14180665182487,5.53591199685703,2.226899106541426,,,,,,0.2075068493150685,-0.28989565312148535,-0.22867820034059982,,,,0.25,Fallback,,,,,
2026-09-27,V3,AMOC,Alexandria Mineral Oils Company (EGX:AMOC) Stock Price \u0026 Overview,Energy & Utilities,Controlled sector registry,High,StockAnalysis.com scrape,13.418604651162791,11.167908558979825,15.510984109694201,19.854059660408577,0.15593122481256605,1.195611094857707,57.7965612406283,66.1,86.9,Medium,67.2,100,1.0,3,"pe,dcf,ev_ebitda",Review Required,Deep Research Required,Extreme valuation disagreement,11.770705834353327,4.1288014311270125,,,1.5650682216079899,15.510984109694201,,,0.349146110056926,-0.21959181133878913,-0.23930814981761206,,0.8,70.35,0.25,Fallback,,,,,
2026-09-27,V3,ARAB,Arab Developers Holding (EGX:ARAB) Stock Price \u0026 Overview,Financials,Controlled sector registry,High,StockAnalysis.com scrape,0.22301255230125522,0.05195713840570413,0.07216269223014463,0.09236824605458513,-0.6764186971293702,2.2000501916919557,16.17906514353149,41.9,77.0,Medium,37.8,100,0.75,3,"pe,pb,residual_income,ddm",Review Required,Data Limited,Extreme valuation disagreement; DDM unavailable; Negative free cash flow,22.30125523012552,1.31183854294856,0.07036723452135946,,,,,,0.04009515928837402,0.0,-0.08675037897698545,,,24.84,0.25,Fallback,,,,,
2026-09-27,V3,ARCC,Arabian Cement Company S.A.E. (EGX:ARCC) Stock Price \u0026 Overview,Materials & Chemicals,Controlled sector registry,High,StockAnalysis.com scrape,67.00989676421159,80.33434800039065,111.5754833338759,142.81661866736115,0.6650597705959418,1.1611463705704541,83.25298852979708,71.6,87.7,Medium,81.5,100,1.0,3,"pe,dcf,ev_ebitda",Review Required,Deep Research Required,Extreme valuation disagreement,5.786692293973367,5.239241342002471,,,24.025501012733475,111.5754833338759,,,0.910740354535975,-0.6400203949643394,-0.2841497070118345,,2.94,71.08,0.25,Fallback,,,,,
2026-09-27,V3,ATQA,Misr National Steel - Ataqa (EGX:ATQA) Stock Price \u0026 Overview,Materials & Chemicals,Scraped industry → macro taxonomy,Medium,StockAnalysis.com scrape,12.608333333333333,2.4947326583352485,3.4649064699100673,4.435080281484886,-0.7251891762133456,1.2977288764727066,13.740541189332724,62.6,78.1,Medium,42.0,100,0.6666666666666666,2,"pe,dcf,ev_ebitda",Review Required,Deep Research Required,Extreme valuation disagreement,,6.335845896147403,,,5.713161060049769,1.2166518797703652,,,-0.025660377358490565,,-0.15600133696049956,,,,0.25,Fallback,,,,,
2026-09-27,V3,AXPH,Alexandria Co. For Pharmaceuticals \u0026 Chemical Industries (EGX:AXPH) Stock Price \u0026 Overview,Healthcare,Controlled sector registry,High,StockAnalysis.com scrape,1655.9999999999998,1286.3232516021644,1655.9999999999998,2025.6767483978351,0.0,0.6510670520362191,50.0,80.5,91.9,Medium,68.1,100,1.0,3,"pe,dcf,ev_ebitda",Review Required,Deep Research Required,High valuation disagreement,16.59318637274549,7.627118644067796,,,656.0764175825306,1734.2434557545093,,,0.4594843462246777,-0.2518011036859611,-0.1874568110710234,,62.95,59.93,0.25,Fallback,,,,,
2026-09-27,V3,BINV,B Investments Holding S.A.E. (EGX:BINV) Stock Price \u0026 Overview,Financials,Controlled sector registry,High,StockAnalysis.com scrape,56.97014105147463,13.472839553562176,18.712277157725246,23.951714761888315,-0.671542376192855,1.5083569249878421,16.422881190357252,68.1,87.2,Medium,47.0,100,1.0,4,"pe,pb,residual_income,ddm",Review Required,Deep Research Required,Extreme valuation disagreement,20.05990882094177,2.0983477367025647,16.930349722089417,8.368421052631579,,,,,0.09187627069416207,-0.2577121929951285,-0.2729845075962264,,1.5,0.97,0.25,Fallback,,,,,
2026-09-27,V3,BIOC,GlaxoSmithKline S.A.E (EGX:BIOC) Stock Price \u0026 Overview,Healthcare,Controlled sector registry,High,StockAnalysis.com scrape,255.6580050293378,36.90394350318718,41.44293507051772,45.98192663784826,-0.8378969785602373,0.13419951155915996,8.10515107198814,44.8,82.3,Medium,35.8,100,0.6666666666666666,2,"pe,dcf,ev_ebitda",Review Required,Standard Research Review,Negative free cash flow,109.72446567782738,9.787825613680619,,,,44.223745892538446,,,0.08802016498625115,-0.04508841667905594,-0.1291608882270624,,0.75,51.48,0.25,Fallback,,,,,
2026-09-27,V3,BONY,Bonyan for Development and Trade (EGX:BONY) Stock Price \u0026 Overview,Financials,Controlled sector registry,High,StockAnalysis.com scrape,4.2032085561497325,6.012621742184536,7.79357076085562,9.574519779526705,0.8541955881424949,0.6750688795110735,92.70977940712474,79.9,81.8,Medium,86.8,90,0.75,3,"pe,pb,residual_income,ddm",Review Required,Data Limited,High valuation disagreement; DDM unavailable,3.891859774212715,0.6021788762392166,4.146561037779939,,,,,,0.15411638918588666,1.010336261506363,,,,,0.25,Fallback,,,,,
2026-09-27,V3,BTFH,Beltone Holding S.A.E (EGX:BTFH) Stock Price \u0026 Overview,Financials,Controlled sector registry,High,StockAnalysis.com scrape,2.8199626865671643,0.6316082939020305,0.8772337415305981,1.1228591891591655,-0.6889200890106513,2.917325247643323,15.553995549467437,28.4,71.5,Medium,32.8,90,0.75,3,"pe,pb,residual_income,ddm",Review Required,Data Limited,Extreme valuation disagreement; DDM unavailable; Negative free cash flow,46.99937810945274,1.2702534624176414,0.8772337415305981,,,,,,0.02815194317439582,,-0.5366995656125879,,,21.13,0.25,Fallback,,,,,
2026-09-27,V3,CANA,Suez Canal Bank (S.A.E) (EGX:CANA) Stock Price \u0026 Overview,Financials,Controlled sector registry,High,StockAnalysis.com scrape,47.49,22.475107189249716,31.21542665173572,39.95574611422172,-0.3426947430672622,0.9750968878576152,32.86526284663689,53.4,75.5,Medium,48.6,90,0.75,3,"pe,pb,residual_income,ddm",Review Required,Data Limited,Extreme valuation disagreement; DDM unavailable; Negative free cash flow,7.747145187601958,2.050518134715026,13.797664955823498,,,,,,0.30079440462827045,-0.3871374568434267,-0.33500162012016776,,,10.12,0.25,Fallback,,,,,
2026-09-27,V3,CCAP,QALA For Financial Investments (EGX:CCAP) Stock Price \u0026 Overview,Holding Companies,Controlled sector registry,High,StockAnalysis.com scrape,6.583924349881796,0.3983380611103984,0.43297615338086776,0.4676142456513372,-0.9342373741902668,,3.2881312904866604,63.3,77.8,Low,36.9,100,0.3333333333333333,1,"sotp,pe,pb",Review Required,Data Limited,Low valuation-method coverage; Only one usable valuation method; SOTP unavailable — component data required,109.73207249802994,,,,,,,,0.0026804273919378337,,-0.2286874988870108,,,350.31,0.25,Fallback,,,,,
2026-09-27,V3,CICH,CI Capital Holding For Financial Investments (S.A.E) (EGX:CICH) Stock Price \u0026 Overview,Financials,Controlled sector registry,High,StockAnalysis.com scrape,11.9,8.175329068392207,10.742096304591264,13.308863540790322,-0.0973028315469526,0.7224760179774725,45.13485842265237,40.9,75.6,Medium,51.7,90,0.75,3,"pe,pb,residual_income,ddm",Review Required,Data Limited,High valuation disagreement; DDM unavailable; Negative free cash flow,6.685393258426966,1.4930991217063991,5.084052254094125,,,,,,0.22141967621419675,-0.1750687001493958,-0.10950518565467215,,,39.86,0.25,Fallback,,,,,
2026-09-27,V3,CIEB,Credit Agricole - Egypt Bank (S.A.E.) (EGX:CIEB) Stock Price \u0026 Overview,Financials,Controlled sector registry,High,StockAnalysis.com scrape,24.072,17.55952380287675,24.072,30.584476197123248,0.0,0.8660979555883955,50.0,61.6,77.6,Medium,59.8,90,0.75,3,"pe,pb,residual_income,ddm",Review Required,Data Limited,Extreme valuation disagreement; DDM unavailable; Negative free cash flow,4.833734939759036,1.3478163493840984,15.088310743688169,,,,,,0.3133231789266195,-0.23674075482303436,-0.22774050924517852,,,69.79,0.25,Fallback,,,,,
2026-09-27,V3,CIRA,Cairo For Investment And Real Estate Developments-CIRA Education (EGX:CIRA) Stock Price \u0026 Overview,Consumer,Controlled sector registry,High,StockAnalysis.com scrape,39.07067725939017,18.249520277912563,25.314552057576826,32.379583837241086,-0.3520831008504524,0.9049533686099095,32.39584495747738,65.6,87.6,Medium,54.5,100,1.0,3,"pe,dcf,ev_ebitda",Review Required,Deep Research Required,Extreme valuation disagreement,23.969740649932625,9.150041512737747,,,14.134862473238464,37.04335163259353,,,0.3308097432521396,-0.23042134359576705,-0.2528921352200645,,0.343,28.02,0.25,Fallback,,,,,
2026-09-27,V3,CLHO,Cleopatra Hospitals Group S.A.E. (EGX:CLHO) Stock Price \u0026 Overview,Healthcare,Controlled sector registry,High,StockAnalysis.com scrape,15.49655172413793,6.603984138525749,8.586757202422964,10.56953026632018,-0.4458923923670094,0.685957170154636,27.70538038164953,51.6,78.9,Medium,46.5,100,0.6666666666666666,2,"pe,dcf,ev_ebitda",Review Required,Deep Research Required,High valuation disagreement; Negative free cash flow,45.578093306288025,5.937376139516449,,,,11.531831038112461,,,0.1509688013136289,-0.09530287298975992,-0.20749898763601127,,,22.29,0.25,Fallback,,,,,
2026-09-27,V3,CNFN,Contact Financial Holding S.A.E. (EGX:CNFN) Stock Price \u0026 Overview,Financials,Controlled sector registry,High,StockAnalysis.com scrape,4.3,1.4028427369540115,1.948392690213905,2.4939426434737983,-0.5468854208804872,1.7128116915025406,22.65572895597564,55.2,75.5,Medium,44.0,90,0.75,3,"pe,pb,residual_income,ddm",Review Required,Data Limited,Extreme valuation disagreement; DDM unavailable,15.925925925925924,1.1911357340720221,1.5283872418401308,,,,,,0.06762350936967632,0.08178074106640287,-0.21792916096753212,,,19.34,0.25,Fallback,,,,,
2026-09-27,V3,COMI,Commercial International Bank Egypt (CIB) S.A.E. (EGX:COMI) Stock Price \u0026 Overview,Financials,Controlled sector registry,High,StockAnalysis.com scrape,128.0175953079179,53.91442108336686,74.88114039356509,95.84785970376332,-0.415071496902788,1.4485667664256028,29.2464251548606,60.0,82.5,Medium,50.2,90,1.0,4,"pe,pb,residual_income,ddm",Review Required,Deep Research Required,Extreme valuation disagreement; Negative free cash flow,6.508266156986166,1.8217958632121518,55.05122591590958,33.473684210526315,,,,,0.3699709751023421,-0.28525231429707454,-0.279388592655322,,6.0,33.48,0.25,Fallback,,,,,
2026-09-27,V3,CPCI,Kahira Pharmaceuticals \u0026 Chemical Industries Company (EGX:CPCI) Stock Price \u0026 Overview,Materials & Chemicals,Controlled sector registry,High,StockAnalysis.com scrape,561.2860013395848,253.09001931607725,351.51391571677397,449.9378121174707,-0.3737347539795424,1.1246571304652793,31.313262301022878,73.8,88.1,Medium,56.1,100,1.0,3,"pe,dcf,ev_ebitda",Review Required,Deep Research Required,Extreme valuation disagreement,16.615926623433534,7.2172560285403735,,,52.67817280480887,351.51391571677397,,,0.4345305770887166,-0.24439863081719848,-0.1499658698797981,,16.74,42.07,0.25,Fallback,,,,,
2026-09-27,V3,CSAG,Canal Shipping Agencies Company (EGX:CSAG) Stock Price \u0026 Overview,Industrials,Controlled sector registry,High,StockAnalysis.com scrape,37.53333333333333,8.34057611702464,11.584133495867555,14.82769087471047,-0.6913641164511308,4.786427040817893,15.431794177443457,75.6,84.8,Medium,47.8,90,1.0,3,"pe,dcf,ev_ebitda",Review Required,Deep Research Required,Extreme valuation disagreement,9.929453262786597,6.573263280793928,,,11.584133495867555,3.3183103469437576,,,0.6619964973730298,-0.29251603585831,-0.20032774183264868,,2.9,132.41,0.25,Fallback,,,,,
2026-09-27,V3,DOMT,Arabian Food Industries Company (DOMTY) - S.A.E (EGX:DOMT) Stock Price \u0026 Overview,Consumer,Controlled sector registry,High,StockAnalysis.com scrape,25.65372775202576,12.87724314998625,17.858783875405532,22.840324600824815,-0.30385228813401965,0.9042756673114791,34.80738559329902,54.3,77.6,Medium,50.4,100,0.6666666666666666,2,"pe,dcf,ev_ebitda",Review Required,Deep Research Required,Extreme valuation disagreement,40.72020278099327,4.759504221155058,,,,25.933415728557442,,,0.144257555847569,-0.1972584382397693,-0.19098370986408597,,,136.58,0.25,Fallback,,,,,
2026-09-27,V3,EAST,Eastern Company S.A.E (EGX:EAST) Stock Price \u0026 Overview,Consumer,Controlled sector registry,High,StockAnalysis.com scrape,31.68,30.97723470519796,38.30321073031132,45.629186755424676,0.20906599527497857,0.505739607420042,60.45329976374893,54.3,80.8,Medium,64.0,100,0.6666666666666666,2,"pe,dcf,ev_ebitda",Review Required,Deep Research Required,High valuation disagreement; Negative free cash flow,10.25242718446602,7.167420814479638,,,,28.617485351473924,,,0.7832880434782609,-0.1602959532362943,-0.17330314592819518,,2.85,54.07,0.25,Fallback,,,,,
2026-09-27,V3,EFIC,Egyptian Financial and Industrial SAE (EGX:EFIC) Stock Price \u0026 Overview,Materials & Chemicals,Controlled sector registry,High,StockAnalysis.com scrape,175.0,51.745603026049125,71.33117526291356,90.916747499778,-0.5923932842119225,0.8844200159375442,20.380335789403876,33.7,74.6,Medium,37.3,100,0.6666666666666666,2,"pe,dcf,ev_ebitda",Review Required,Deep Research Required,Extreme valuation disagreement; Negative free cash flow,58.333333333333336,5.636070853462158,,,,102.87453484434845,,,0.1409591245574509,-0.030467495661483546,-0.2552848005713042,,,249.45,0.25,Fallback,,,,,
2026-09-27,V3,EFID,Edita Food Industries Company (S.A.E) (EGX:EFID) Stock Price \u0026 Overview,Consumer,Controlled sector registry,High,StockAnalysis.com scrape,29.48201438848921,21.22705035971223,29.48201438848921,37.73697841726619,0.0,1.0192981157711063,50.0,64.0,86.6,Medium,62.6,100,1.0,3,"pe,dcf,ev_ebitda",Review Required,Deep Research Required,Extreme valuation disagreement,13.045139109950979,6.904453018381548,,,5.047742364506753,29.48201438848921,,,0.5386569296713765,-0.3036643069505033,-0.26158003338274316,,0.864,47.16,0.25,Fallback,,,,,
2026-09-27,V3,EFIH,e-finance for Digital and Financial Investments S.A.E. (EGX:EFIH) Stock Price \u0026 Overview,Telecom & Technology,Controlled sector registry,High,StockAnalysis.com scrape,22.95942028985507,11.819044187195372,16.258899387223938,20.698754587252502,-0.29184190271528104,0.8776014052613256,35.407904864235945,79.6,89.9,Medium,60.1,100,1.0,3,"pe,dcf,ev_ebitda",Review Required,Deep Research Required,Extreme valuation disagreement,33.763853367433924,7.972020933977456,,,3.8065409821518377,18.07537393238207,,,0.30824834141994256,-0.2512752077679591,-0.23952821576159056,,,55.38,0.25,Fallback,,,,,
2026-09-27,V3,EGAL,Egypt Aluminum (EGX:EGAL) Stock Price \u0026 Overview,Materials & Chemicals,Controlled sector registry,High,StockAnalysis.com scrape,356.969696969697,323.4367191340704,415.17704363540713,506.9173681367439,0.1630596298784749,0.6407579818570519,58.15298149392375,81.8,92.1,Medium,72.6,100,1.0,3,"pe,dcf,ev_ebitda",Review Required,Deep Research Required,High valuation disagreement,9.506516563773555,4.344811306836624,,,231.98282168664073,415.17704363540713,,,0.45706951492977693,-0.36618039170371053,-0.2774666827954466,,,25.88,0.25,Fallback,,,,,
2026-09-27,V3,EGAS,Egypt Gas Company SAE (EGX:EGAS) Stock Price \u0026 Overview,Energy & Utilities,Controlled sector registry,High,StockAnalysis.com scrape,54.98543891277215,22.91521570310282,30.204321423600785,37.49342714409875,-0.450685090074186,0.7333026559453705,27.4657454962907,67.7,81.0,Medium,50.9,100,0.6666666666666666,2,"pe,dcf,ev_ebitda",Review Required,Deep Research Required,High valuation disagreement,23.498050817423998,1.5859659334517493,,,19.12986686312373,,,,0.06948589717943589,-0.14169404025974763,-0.1175380373068724,,,29.25,0.25,Fallback,,,,,
2026-09-27,V3,EGBE,Egyptian Gulf Bank (S.A.E) (EGX:EGBE) Stock Price \u0026 Overview,Financials,Controlled sector registry,High,StockAnalysis.com scrape,26.660268714011515,27.065230548712204,37.59059798432251,48.11596541993281,0.40998571273088746,0.9889881361370377,70.49928563654437,59.2,76.2,Medium,69.1,90,0.75,3,"pe,pb,residual_income,ddm",Review Required,Data Limited,Extreme valuation disagreement; DDM unavailable; Negative free cash flow,3.4578818046707545,0.9559078061674978,18.4607802726497,,,,,,0.3213772332124033,-0.3141544948372569,-0.24883570184780923,,,19.26,0.25,Fallback,,,,,
2026-09-27,V3,EGCH,Egyptian Chemical Industries (EGX:EGCH) Stock Price \u0026 Overview,Materials & Chemicals,Controlled sector registry,High,StockAnalysis.com scrape,14.175879396984925,7.983797566234273,9.732197967786366,11.480598369338459,-0.3134677789473638,0.4529597001526221,34.32661105263181,60.8,82.2,Medium,52.9,100,0.6666666666666666,2,"pe,dcf,ev_ebitda",Review Required,Standard Research Review,Negative free cash flow,15.750977107761027,0.6550776061453293,,,,7.528051231129131,,,0.04173063503140265,-0.1239914599647125,-0.20701387862391318,,,3.12,0.25,Fallback,,,,,
2026-09-27,V3,EGSA,The Egyptian Satellite Company Nilesat (EGX:EGSA) Stock Price \u0026 Overview,Travel & Leisure,Controlled sector registry,High,StockAnalysis.com scrape,465.7020364415863,8.473600161634844,10.410588354143268,12.347576546651693,-0.9776453879530134,0.48208834323144145,1.117730602349333,72.2,80.1,Medium,38.6,90,0.6666666666666666,2,"pe,dcf,ev_ebitda",Quantitative Pass,Standard Research Review,,342.4279679717546,25.282412401823358,,,7.901176708286535,,,,0.0839660237949792,-0.11700795627040539,0.026541752485211623,,,36.55,0.25,Fallback,,,,,
2026-09-27,V3,EGTS,Egyptian Resorts Company (S.A.E) (EGX:EGTS) Stock Price \u0026 Overview,Industrials,Controlled sector registry,High,StockAnalysis.com scrape,18.104761904761904,2.7443429720516685,2.9829814913605093,3.2216200106693504,-0.8352377398249061,,8.238113008754695,28.3,69.1,Low,28.5,90,0.3333333333333333,1,"pe,dcf,ev_ebitda",Review Required,Data Limited,Low valuation-method coverage; Only one usable valuation method,,38.52077001013171,,,2.9829814913605093,,,,-0.2099190601891509,,-0.34658091231574406,,,,0.25,Fallback,,,,,
2026-09-27,V3,ELEC,Electro Cable Egypt (EGX:ELEC) Stock Price \u0026 Overview,Industrials,Controlled sector registry,High,StockAnalysis.com scrape,1.933534743202417,2.135565693841559,2.321267058523434,2.5069684232053087,0.20053030683008838,,60.02651534150442,30.2,72.9,Low,55.8,100,0.3333333333333333,1,"pe,dcf,ev_ebitda",Review Required,Data Limited,Low valuation-method coverage; Only one usable valuation method,,1.7903099474096453,,,,2.321267058523434,,,-0.053599553197430885,,-0.21953159858811766,,,,0.25,Fallback,,,,,
2026-09-27,V3,EMFD,Emaar Misr for Development Company (S.A.E.) (EGX:EMFD) Stock Price \u0026 Overview,Real Estate,Controlled sector registry,High,StockAnalysis.com scrape,13.392660550458716,11.207175565760942,15.56552161911242,19.9238676724639,0.16224267466999162,0.993674882381882,58.11213373349958,65.3,81.8,Medium,65.8,100,0.8,4,"pe,pb,dcf,ev_ebitda,book_nav_proxy",Review Required,Deep Research Required,Extreme valuation disagreement; Book NAV proxy used; not property-level NAV; Negative free cash flow,10.977590615130095,1.0153647119377345,,,,17.941043238224843,13.19,,0.10003619455967926,-0.0653868561604043,-0.12383520263843129,,,,0.25,Fallback,,,,,
2026-09-27,V3,ENGC,Industrial Engineering Company for Construction and Development (ICON) (S.A.E.) (EGX:ENGC) Stock Price \u0026 Overview,Materials & Chemicals,Controlled sector registry,High,StockAnalysis.com scrape,40.27491408934708,52.99737048772958,73.60745901073554,94.2175475337415,0.827625475437205,1.2802830347469993,91.38127377186025,57.6,85.6,Medium,81.5,100,1.0,3,"pe,dcf,ev_ebitda",Review Required,Deep Research Required,Extreme valuation disagreement,7.2567412773598345,1.9215130767818263,,,3.0949311870923175,97.33331218937218,,,0.23846946867565424,-0.3656683595911463,-0.22800684660362291,,,20.28,0.25,Fallback,,,,,
2026-09-27,V3,ETEL,Telecom Egypt Company (EGX:ETEL) Stock Price \u0026 Overview,Unclassified,Scraped industry → macro taxonomy,Low,StockAnalysis.com scrape,135.75438596491227,,,,,,,66.6,66.5,Low,,100,0.0,0,"pe,dcf,ev_ebitda",Review Required,Data Limited,Sector classification unresolved; Low valuation-method coverage; Only one usable valuation method,9.172593646277855,3.1475628556668735,,,,,,,0.37261423180300274,-0.2164910814834866,-0.20317973216479845,,,9.33,0.25,Fallback,,,,,
2026-09-27,V3,EXPA,Export Development Bank of Egypt (S.A.E.) (EGX:EXPA) Stock Price \u0026 Overview,Financials,Controlled sector registry,High,StockAnalysis.com scrape,21.75,,,,,,,57.3,58.1,Low,,70,0.0,0,"pe,pb,residual_income,ddm",Review Required,Data Limited,Low valuation-method coverage; Only one usable valuation method; Residual Income unavailable; DDM unavailable; Missing EPS; Missing BVPS; Negative free cash flow,,,,,,,,,0.2637812386816371,-0.36441452987852463,-0.3149117941320472,,,12.06,0.25,Fallback,,,,,
2026-09-27,V3,FAIT,Faisal Islamic Bank of Egypt (EGX:FAIT) Stock Price \u0026 Overview,Financials,Controlled sector registry,High,StockAnalysis.com scrape,49.35281443153044,43.37540324971232,60.243615624600444,77.11182799948857,0.2206723429760899,1.3761879809847364,61.033617148804495,79.5,85.4,Medium,71.7,90,1.0,4,"pe,pb,residual_income,ddm",Review Required,Deep Research Required,Extreme valuation disagreement; Negative free cash flow,4.35210003805383,0.672840005883169,38.65473826021689,15.955789473684211,,,,,0.16141382519671715,2.287249954473702,-0.16545519799720987,,2.86,25.63,0.25,Fallback,,,,,
2026-09-27,V3,FERC,Ferchem Misr for fertilizers and chemicals S.A.E (EGX:FERC) Stock Price \u0026 Overview,Energy & Utilities,Controlled sector registry,High,StockAnalysis.com scrape,76.875,70.98804511278195,77.42301065162907,83.8579761904762,0.00712859384232937,0.014156273361543313,50.35642969211647,51.3,84.2,Medium,59.1,100,0.6666666666666666,2,"pe,dcf,ev_ebitda",Review Required,Standard Research Review,Negative free cash flow,17.392533936651585,7.566437007874016,,,,76.875,,,0.4512795275590551,-0.43700628338242875,-0.6507368554609234,,,131.81,0.25,Fallback,,,,,
2026-09-27,V3,FWRY,Fawry for Banking Technology and Electronic Payments S.A.E. (EGX:FWRY) Stock Price \u0026 Overview,Telecom & Technology,Controlled sector registry,High,StockAnalysis.com scrape,18.730205278592376,14.703142656486117,20.32362423402992,25.944105811573728,0.08507215653737327,0.8934053549126828,54.25360782686866,73.6,88.9,Medium,67.7,100,1.0,3,"pe,dcf,ev_ebitda",Review Required,Deep Research Required,Extreme valuation disagreement,22.035535621873382,7.041430555861795,,,3.705649090272026,21.86288381218753,,,0.34717625707270205,-0.32399102157964843,-0.30339937689961227,,,13.8,0.25,Fallback,,,,,
2026-09-27,V3,GBCO,GB Corp (EGX:GBCO) Stock Price \u0026 Overview,Industrials,Controlled sector registry,High,StockAnalysis.com scrape,30.284403669724767,27.37190572569444,35.13458189221674,42.897258058739034,0.16015432482630254,0.6406417511354247,58.00771624131512,57.0,88.4,Medium,65.4,100,1.0,3,"pe,dcf,ev_ebitda",Review Required,Deep Research Required,High valuation disagreement,13.400178614922465,0.9826217933070982,,,12.628540748306726,35.13722081714744,,,0.07028581188795263,-0.10608493952977283,-0.19474976824056778,,0.35,18.61,0.25,Fallback,,,,,
2026-09-27,V3,GOUR,Gourmet Egypt.Com Foods (EGX:GOUR) Stock Price \u0026 Overview,Consumer,Controlled sector registry,High,StockAnalysis.com scrape,15.5,6.301270222153695,8.126157844387755,9.951045466621816,-0.4757317519749835,0.6571343248331399,26.213412401250825,68.8,90.1,Medium,52.8,100,1.0,3,"pe,dcf,ev_ebitda",Review Required,Deep Research Required,High valuation disagreement,26.724137931034484,19.375,,,3.6676547719281887,8.126157844387755,,,0.8010043942247332,,-0.2368412110127427,,,,0.25,Fallback,,,,,
2026-09-27,V3,HDBK,Housing and Development Bank- Egypt (S.A.E) (EGX:HDBK) Stock Price \u0026 Overview,Financials,Controlled sector registry,High,StockAnalysis.com scrape,109.74528301886792,42.611483449048144,59.182615901455755,75.75374835386337,-0.4607274748083633,1.6563481530264677,26.963626259581837,66.9,77.3,Medium,49.5,90,0.75,3,"pe,pb,residual_income,ddm",Review Required,Data Limited,Extreme valuation disagreement; DDM unavailable; Negative free cash flow,5.859331714835447,2.4993232297624215,37.13370600740978,,,,,,0.4244848329706899,-0.3672339573693916,-0.3305580105556404,,,32.66,0.25,Fallback,,,,,
2026-09-27,V3,HELI,Heliopolis Co. for Housing \u0026 Development (EGX:HELI) Stock Price \u0026 Overview,Real Estate,Controlled sector registry,High,StockAnalysis.com scrape,7.8104738154613464,3.5563799750931064,4.939416632073759,6.322453289054412,-0.3675906547057543,1.467503216791381,31.620467264712286,61.2,86.2,Medium,52.7,100,1.0,5,"pe,pb,dcf,ev_ebitda,book_nav_proxy",Review Required,Deep Research Required,Extreme valuation disagreement; Book NAV proxy used; not property-level NAV,9.188792724072172,3.2274685187856806,,,0.7321892055516317,7.012289665940981,2.42,,0.3537984496124031,-0.45733949689890896,-0.33428500482673995,,,46.98,0.25,Fallback,,,,,
2026-09-27,V3,HRHO,EFG Holding Company S.A.E (EGX:HRHO) Stock Price \u0026 Overview,Financials,Controlled sector registry,High,StockAnalysis.com scrape,24.229166666666668,11.40060296352377,15.834170782671904,20.26773860182004,-0.34648306313993865,2.0436884524130616,32.67584684300307,41.1,79.7,Medium,46.5,90,1.0,4,"pe,pb,residual_income,ddm",Review Required,Deep Research Required,Extreme valuation disagreement; Negative free cash flow,8.940651906519065,0.9630034446210918,12.112251970974615,1.5509473684210529,,,,,0.0835496711664936,-0.171166464313675,-0.26441853321546793,,0.278,35.85,0.25,Fallback,,,,,
2026-09-27,V3,IFAP,International Company for Agricultural Crops (EGX:IFAP) Stock Price \u0026 Overview,Materials & Chemicals,Controlled sector registry,High,StockAnalysis.com scrape,20.068772748295764,5.24172705414945,7.280176464096459,9.318625874043468,-0.6372385817805082,1.8256587754966884,18.13807091097459,52.1,76.5,Medium,41.2,100,0.6666666666666666,2,"pe,dcf,ev_ebitda",Review Required,Deep Research Required,Extreme valuation disagreement; Negative free cash flow,19.11311690313882,2.372195360318648,,,,0.634617439675382,,,0.10806686377075278,-0.43585286067791673,-0.2682833152919072,,,,0.25,Fallback,,,,,
2026-09-27,V3,IRON,Egyptian Iron and Steel Company (EGX:IRON) Stock Price \u0026 Overview,Materials & Chemicals,Controlled sector registry,High,StockAnalysis.com scrape,28.140898993724857,23.305049905164775,25.331575983874753,27.358102062584734,-0.09983060635257442,,45.00846968237128,55.0,69.6,Low,53.7,80,0.3333333333333333,1,"pe,dcf,ev_ebitda",Review Required,Data Limited,Low valuation-method coverage; Only one usable valuation method; Negative free cash flow,14.733454970536576,,,,,,,,-0.2761778171614237,,-0.06300527015577218,,,,0.25,Fallback,,,,,
2026-09-27,V3,ISMQ,Iron \u0026 Steel for Mines \u0026 Quarries (EGX:ISMQ) Stock Price \u0026 Overview,Materials & Chemicals,Controlled sector registry,High,StockAnalysis.com scrape,8.578418827479604,4.2197634477474235,5.79244822169864,7.365132995649857,-0.3247650484092184,0.8704820748410005,33.761747579539076,72.0,85.3,Medium,56.2,90,1.0,3,"pe,dcf,ev_ebitda",Review Required,Deep Research Required,Extreme valuation disagreement,16.820429073489418,11.914470593721672,,,1.7217063194180786,5.79244822169864,,,0.705055020143209,-0.4707968095281341,-0.41710908281498027,,0.42,82.53,0.25,Fallback,,,,,
2026-09-27,V3,ISPH,Ibnsina Pharma (EGX:ISPH) Stock Price \u0026 Overview,Healthcare,Controlled sector registry,High,StockAnalysis.com scrape,11.643564356435643,13.645019806767237,15.34616267358405,17.047305540400863,0.3179952636326438,0.14023341416484894,65.8997631816322,36.7,81.0,Medium,62.4,100,0.6666666666666666,2,"pe,dcf,ev_ebitda",Review Required,Standard Research Review,Negative free cash flow,13.539028321436795,3.7439113686288246,,,,16.42218506660698,,,0.342365317182021,-0.23864913425596923,-0.23517463251945003,,,31.93,0.25,Fallback,,,,,
2026-09-27,V3,JUFO,Juhayna Food Industries S.A.E. (EGX:JUFO) Stock Price \u0026 Overview,Consumer,Controlled sector registry,High,StockAnalysis.com scrape,26.0,22.79765462936304,25.856089761956007,28.914524894548972,-0.005535009155538207,0.17403108737463863,49.72324954222309,52.2,83.1,Medium,58.7,100,0.6666666666666666,2,"pe,dcf,ev_ebitda",Review Required,Standard Research Review,Negative free cash flow,17.105263157894736,4.377104377104377,,,,28.10597147022074,,,0.2871196522534889,-0.2502926259182173,-0.23448350418932318,,,30.0,0.25,Fallback,,,,,
2026-09-27,V3,KORA,Korra for Energy and Investment Projects (S.A.E.) (EGX:KORA) Stock Price \u0026 Overview,Travel & Leisure,Controlled sector registry,High,StockAnalysis.com scrape,6.702222222222222,,,,,,,,36.0,Low,,10,0.0,0,"pe,dcf,ev_ebitda",Review Required,Data Limited,Low valuation-method coverage; Only one usable valuation method; Missing EPS; Missing BVPS,,,,,,,,,,,,,,,0.25,Fallback,,,,,
2026-09-27,V3,MASR,Madinet Masr For Housing and Development (EGX:MASR) Stock Price \u0026 Overview,Real Estate,Controlled sector registry,High,StockAnalysis.com scrape,7.434579439252335,8.80277522760649,12.226076705009016,15.64937818241154,0.6444880043192519,1.237557798625898,82.22440021596259,62.5,86.4,Medium,78.3,100,1.0,5,"pe,pb,dcf,ev_ebitda,book_nav_proxy",Review Required,Deep Research Required,Extreme valuation disagreement; Book NAV proxy used; not property-level NAV,5.466602528862011,1.241165181845131,,,0.2629341901758872,15.393410763058217,5.99,,0.2586765386395187,-0.374710855892899,-0.2864448751202776,,0.15,,0.25,Fallback,,,,,
2026-09-27,V3,MBSC,Misr Beni Suef Cement Co. S.A.E (EGX:MBSC) Stock Price \u0026 Overview,Materials & Chemicals,Controlled sector registry,High,StockAnalysis.com scrape,329.9086757990868,324.27940970701985,450.3880690375276,576.4967283680353,0.3651901331379728,1.730781181209349,68.25950665689864,72.0,87.8,Medium,74.1,100,1.0,3,"pe,dcf,ev_ebitda",Review Required,Deep Research Required,Extreme valuation disagreement,4.900604215672709,3.6554977927876653,,,113.31538976101146,450.3880690375276,,,0.8946037099494097,-0.5106004796492751,-0.2857230888149712,,,20.55,0.25,Fallback,,,,,
2026-09-27,V3,MCQE,Misr Cement (Qena) Company (S.A.E) (EGX:MCQE) Stock Price \u0026 Overview,Materials & Chemicals,Controlled sector registry,High,StockAnalysis.com scrape,206.5625,275.6476090933656,359.2839756037524,442.92034211413926,0.7393475369621902,0.6944829184192804,86.96737684810951,78.8,91.3,Medium,86.0,100,1.0,3,"pe,dcf,ev_ebitda",Review Required,Deep Research Required,High valuation disagreement,7.625046142488003,5.542326267775691,,,110.18818439095278,359.70476830952833,,,0.5785491766800178,-0.4379086311330551,-0.24933686303131486,,,61.64,0.25,Fallback,,,,,
2026-09-27,V3,MFPC,Misr Fertilizer Production Company (EGX:MFPC) Stock Price \u0026 Overview,Materials & Chemicals,Controlled sector registry,High,StockAnalysis.com scrape,46.96864111498258,40.123028905501705,55.72642903541904,71.32982916533636,0.186460321451429,1.0556439534804012,59.32301607257145,77.0,88.5,Medium,71.0,100,1.0,3,"pe,dcf,ev_ebitda",Review Required,Deep Research Required,Extreme valuation disagreement,8.762806178168391,2.9916331920371073,,,12.260296157280468,55.72642903541904,,,0.3417077613399085,-0.2217747310497592,-0.2117838483651664,,,61.51,0.25,Fallback,,,,,
2026-09-27,V3,MHOT,Misr Hotels Company (EGX:MHOT) Stock Price \u0026 Overview,Travel & Leisure,Controlled sector registry,High,StockAnalysis.com scrape,18.88888888888889,8.44223048718306,10.448993005281661,12.455755523380262,-0.4468180173674415,0.5093327162480208,27.659099131627926,90.4,86.2,Medium,58.0,100,0.6666666666666666,2,"pe,dcf,ev_ebitda",Review Required,Deep Research Required,High valuation disagreement,13.687600644122385,4.01037980655815,,,7.787986010563321,,,,0.39490616621983915,,-0.4990387382443524,,0.75,54.49,0.25,Fallback,,,,,
2026-09-27,V3,MICH,Misr Chemical Industries Co. (EGX:MICH) Stock Price \u0026 Overview,Materials & Chemicals,Controlled sector registry,High,StockAnalysis.com scrape,48.40915306773635,34.007783261641286,47.233032307835124,60.45828135402896,-0.024295421121198726,1.0402970157556164,48.78522894394006,74.6,88.2,Medium,65.1,100,1.0,3,"pe,dcf,ev_ebitda",Review Required,Deep Research Required,Extreme valuation disagreement,11.027141928869328,3.6507656913828317,,,9.086454392300967,47.233032307835124,,,0.3703573883161512,-0.24179676517575022,-0.15261646048818434,,4.0,90.8,0.25,Fallback,,,,,
2026-09-27,V3,MIPH,MINAPHARM Pharmaceuticals (EGX:MIPH) Stock Price \u0026 Overview,Healthcare,Controlled sector registry,High,StockAnalysis.com scrape,809.8471986417657,635.3547796750529,882.4371939931291,1129.5196083112053,0.08963418713197707,0.9176523676509185,54.481709356598856,46.9,76.4,Medium,58.1,100,0.6666666666666666,2,"pe,dcf,ev_ebitda",Review Required,Deep Research Required,Extreme valuation disagreement; Negative free cash flow,28.139235533070384,1.4185199044363659,,,,1287.322484178643,,,0.052586433260393875,0.0482136971097884,-0.14689091637200868,,,17.23,0.25,Fallback,,,,,
2026-09-27,V3,MOIL,Maridive and Oil Services S.A.E. (EGX:MOIL) Stock Price \u0026 Overview,Energy & Utilities,Controlled sector registry,High,StockAnalysis.com scrape,36.49045209033301,1.7162392230519523,2.2932653324487693,2.8702914418455863,-0.9371543732379162,0.7800803771574353,3.1422813381041905,80.8,90.9,Medium,44.5,100,1.0,3,"pe,dcf,ev_ebitda",Review Required,Deep Research Required,Extreme valuation disagreement,280.6957853102539,64.01833700058422,,,0.9884357817006132,2.7773670671593202,,,0.2154952529403429,,-0.14941815953811388,,,,0.25,Fallback,,,,,
2026-09-27,V3,MOIN,Mohandes Insurance Company (EGX:MOIN) Stock Price \u0026 Overview,Financials,Controlled sector registry,High,StockAnalysis.com scrape,34.15384615384615,7.802905682371681,10.095144456886898,12.387383231402115,-0.7044214460821403,0.668470428038057,14.778927695892982,61.9,79.2,Medium,42.7,90,0.75,3,"pe,pb,residual_income,ddm",Review Required,Data Limited,High valuation disagreement; DDM unavailable,23.554376657824935,4.5599260552531575,3.715284837169767,,,,,,0.19075757575757576,-0.24147777766075895,,,,8.71,0.25,Fallback,,,,,
2026-09-27,V3,MPCI,Memphis Pharmaceuticals \u0026 Chemical Industries (EGX:MPCI) Stock Price \u0026 Overview,Materials & Chemicals,Controlled sector registry,High,StockAnalysis.com scrape,379.7802197802198,212.72332722701745,254.28833700653058,295.85334678604374,-0.3304329089237766,0.37934644421965913,33.47835455381117,74.3,84.8,Medium,56.5,100,0.6666666666666666,2,"pe,dcf,ev_ebitda",Review Required,Standard Research Review,Negative free cash flow,16.649724672521693,12.172442941673712,,,,206.05664878155173,,,0.7312564286821378,-0.12830386089952273,-0.20917310141417966,,13.187,37.97,0.25,Fallback,,,,,
2026-09-27,V3,MPRC,Egyptian Media Production City (EGX:MPRC) Stock Price \u0026 Overview,Healthcare,Controlled sector registry,High,StockAnalysis.com scrape,38.977777777777774,37.44545272772513,52.00757323295158,66.56969373817802,0.33428779674049103,1.2434887795458591,66.71438983702456,72.4,87.9,Medium,73.4,100,1.0,3,"pe,dcf,ev_ebitda",Review Required,Deep Research Required,Extreme valuation disagreement,8.661728395061727,1.8766383138073075,,,9.998504910769853,52.00757323295158,,,0.20204216354344123,-0.320889932750961,-0.17509534325026965,,,8.23,0.25,Fallback,,,,,
2026-09-27,V3,MTIE,MM Group for Industry and International Trade S.A.E. (EGX:MTIE) Stock Price \u0026 Overview,Consumer,Controlled sector registry,High,StockAnalysis.com scrape,8.167400881057269,4.76287503606896,6.379957490485181,7.997039944901402,-0.2188509437216095,0.788467675264063,39.057452813919525,69.3,89.1,Medium,59.1,100,1.0,3,"pe,dcf,ev_ebitda",Review Required,Deep Research Required,Extreme valuation disagreement,18.14977973568282,3.6625116058552774,,,1.9582897650890476,6.379957490485181,,,0.23352272727272727,-0.21990738288910305,-0.16969932920836095,,,21.45,0.25,Fallback,,,,,
2026-09-27,V3,NAPR,National Printing Company S.A.E. (EGX:NAPR) Stock Price \u0026 Overview,Industrials,Controlled sector registry,High,StockAnalysis.com scrape,52.15008823256246,13.543914931194346,18.81099295999215,24.07807098878995,-0.6392912534278977,1.9615064028962268,18.035437328605113,64.3,86.6,Medium,46.8,100,1.0,3,"pe,dcf,ev_ebitda",Review Required,Deep Research Required,Extreme valuation disagreement,43.09924647319212,4.842162324286209,,,10.834301510010787,47.732184645871236,,,0.08763309596473381,0.1664487498812861,-0.13352094127215453,,,97.03,0.25,Fallback,,,,,
2026-09-27,V3,NINH,Nozha International Hospital (EGX:NINH) Stock Price \u0026 Overview,Industrials,Controlled sector registry,High,StockAnalysis.com scrape,20.066666666666666,4.0176210468014,5.580029231668612,7.142437416535824,-0.7219254535713316,1.1504736379540492,13.903727321433415,78.5,88.8,Medium,48.8,100,1.0,3,"pe,dcf,ev_ebitda",Review Required,Deep Research Required,Extreme valuation disagreement,35.83333333333333,7.5438596491228065,,,2.2862375671387234,5.580029231668612,,,0.23230193982283118,-0.1861049751822067,-0.14513463870674903,,,7.01,0.25,Fallback,,,,,
2026-09-27,V3,NIPH,EI- Nile Co. for Pharmaceuticals and Chemical Industries (EGX:NIPH) Stock Price \u0026 Overview,Healthcare,Controlled sector registry,High,StockAnalysis.com scrape,325.6,84.92022291370314,103.90711103013473,122.89399914656632,-0.6808749661236648,0.46695199588256586,15.95625169381676,47.5,80.1,Medium,39.9,100,0.6666666666666666,2,"pe,dcf,ev_ebitda",Review Required,Standard Research Review,Negative free cash flow,67.83333333333334,14.753058450385138,,,,128.16692747109113,,,0.2175090579710145,0.05789648870565345,-0.1952940274229681,,2.0,28.43,0.25,Fallback,,,,,
2026-09-27,V3,OCDI,Sixth of October for Development and Investment Company \,Real Estate,Controlled sector registry,High,StockAnalysis.com scrape,27.984496124031008,19.60714237475293,25.202843600818735,30.79854482688454,-0.0993997716050923,0.6455753735741198,45.030011419745385,53.7,82.9,Medium,56.7,100,0.8,4,"pe,pb,dcf,ev_ebitda,book_nav_proxy",Review Required,Deep Research Required,High valuation disagreement; Book NAV proxy used; not property-level NAV; Negative free cash flow,8.99823026496174,2.164307511525987,,,,24.014506601342553,12.93,,0.23993308639024974,-0.05051049100329286,-0.209748525400832,,,,0.25,Fallback,,,,,
2026-09-27,V3,OCPH,October Pharma S.A.E (EGX:OCPH) Stock Price \u0026 Overview,Healthcare,Controlled sector registry,High,StockAnalysis.com scrape,225.83333333333334,82.19600801603205,114.16112224448896,146.1262364729459,-0.49448949559635885,1.0712300540617465,25.275525220182057,71.9,87.8,Medium,52.6,100,1.0,3,"pe,dcf,ev_ebitda",Review Required,Deep Research Required,Extreme valuation disagreement,32.82461240310078,8.164617980236201,,,72.10787772277861,194.40070287649218,,,0.27968425175499384,-0.11762767949207764,-0.17958337514716716,,,11.06,0.25,Fallback,,,,,
2026-09-27,V3,OIH,Orascom Investment Holding S.A.E. (EGX:OIH) Stock Price \u0026 Overview,Holding Companies,Controlled sector registry,High,StockAnalysis.com scrape,2.1085714285714285,0.47119659574468087,0.5121702127659574,0.5531438297872341,-0.7571008476042207,,12.144957619788968,8.0,69.5,Low,25.5,100,0.3333333333333333,1,"sotp,pe,pb",Review Required,Data Limited,Low valuation-method coverage; Only one usable valuation method; SOTP unavailable — component data required; Negative free cash flow,,5.548872180451128,,,,,,,-0.2608895405669599,,-0.3644341332323734,,,,0.25,Fallback,,,,,
2026-09-27,V3,OLFI,Obour Land for Food Industries S.A.E. (EGX:OLFI) Stock Price \u0026 Overview,Consumer,Controlled sector registry,High,StockAnalysis.com scrape,22.425,27.693441501243523,31.07297573370747,34.45250996617142,0.3856399435321056,0.1307327425000841,69.28199717660527,39.6,81.6,Medium,64.9,100,0.6666666666666666,2,"pe,dcf,ev_ebitda",Review Required,Standard Research Review,Negative free cash flow,11.991978609625669,5.76478149100257,,,,33.10410340136054,,,0.5614615384615385,-0.16260604064943718,-0.24318333815473625,,1.75,100.41,0.25,Fallback,,,,,
2026-09-27,V3,ORAS,Orascom Construction (EGX:ORAS) Stock Price \u0026 Overview,Industrials,Controlled sector registry,High,StockAnalysis.com scrape,,,,,,,,,32.5,Low,,0,0.0,0,"pe,dcf,ev_ebitda",Review Required,Data Limited,Low valuation-method coverage; Only one usable valuation method; Missing EPS; Missing BVPS,,,,,,,,,,,,,,,0.25,Fallback,,,,,
2026-09-27,V3,ORHD,Orascom Development Egypt S.A.E. (EGX:ORHD) Stock Price \u0026 Overview,Real Estate,Controlled sector registry,High,StockAnalysis.com scrape,40.690265486725664,24.703614620378147,34.310575861636316,43.917537102894485,-0.15678663062964251,1.6172442780560483,42.160668468517876,62.9,86.4,Medium,58.4,100,1.0,5,"pe,pb,dcf,ev_ebitda,book_nav_proxy",Review Required,Deep Research Required,Extreme valuation disagreement; Book NAV proxy used; not property-level NAV,8.602593126157645,2.420598779698136,,,2.8676280814709023,58.35621057051021,16.81,,0.26240439301823887,-0.2557608311308277,-0.24223300491812383,,,8.12,0.25,Fallback,,,,,
2026-09-27,V3,ORWE,Oriental Weavers Carpets Company (S.A.E) (EGX:ORWE) Stock Price \u0026 Overview,Consumer,Controlled sector registry,High,StockAnalysis.com scrape,26.988017019741097,37.20898910016631,46.74650410632285,56.28401911247939,0.7321207435184619,0.5637557861267972,86.60603717592309,69.9,91.0,Medium,83.5,100,1.0,3,"pe,dcf,ev_ebitda",Review Required,Deep Research Required,High valuation disagreement,8.966118611209668,0.8957191178141751,,,32.54452467226731,58.8981368434069,,,0.1402324192733453,-0.16939203163555105,-0.1641995420704213,,,38.34,0.25,Fallback,,,,,
2026-09-27,V3,PHAR,Egyptian International Pharmaceutical Industries Company (EGX:PHAR) Stock Price \u0026 Overview,Healthcare,Controlled sector registry,High,StockAnalysis.com scrape,110.51196966105712,100.42268772517939,114.90834783517698,129.3940079451746,0.03978191853428781,0.20937604870241466,51.98909592671439,40.9,81.1,Medium,56.5,100,0.6666666666666666,2,"pe,dcf,ev_ebitda",Review Required,Standard Research Review,Negative free cash flow,14.446009106020538,3.0629703342865056,,,,102.87881991885098,,,0.2034788316376764,-0.08449497260883154,-0.19176276751527244,,,49.46,0.25,Fallback,,,,,
2026-09-27,V3,PHDC,Palm Hills Developments S.A.E. (EGX:PHDC) Stock Price \u0026 Overview,Real Estate,Controlled sector registry,High,StockAnalysis.com scrape,13.52127659574468,9.53189076120712,13.23873716834322,16.945583575479322,-0.020895913592240148,1.0042275154485427,48.95520432038799,48.8,84.3,Medium,57.8,100,1.0,5,"pe,pb,dcf,ev_ebitda,book_nav_proxy",Review Required,Deep Research Required,Extreme valuation disagreement; Book NAV proxy used; not property-level NAV,9.58955786932247,2.0181009844395046,,,2.522580212250355,15.817284346491945,6.7,,0.1956964233788892,-0.2814964300604451,-0.28084609130353444,,,17.6,0.25,Fallback,,,,,
2026-09-27,V3,PHTV,Pyramisa Hotels \u0026 Resorts (EGX:PHTV) Stock Price \u0026 Overview,Healthcare,Controlled sector registry,High,StockAnalysis.com scrape,347.25738396624473,430.4568935910092,583.250501002004,736.0441084129986,0.6795913576849931,0.8271322617305219,83.97956788424966,77.8,90.1,Medium,84.0,100,1.0,3,"pe,dcf,ev_ebitda",Review Required,Deep Research Required,Extreme valuation disagreement,9.879299686095157,3.4583944225300742,,,290.09519554582477,772.5205015950723,,,0.32801659125188537,-0.42392914088575195,-0.3774025274619952,,4.0,29.26,0.25,Fallback,,,,,
2026-09-27,V3,POUL,Cairo Poultry Company S.A.E. (EGX:POUL) Stock Price \u0026 Overview,Consumer,Controlled sector registry,High,StockAnalysis.com scrape,38.20459290187891,51.21304715648181,71.1292321617803,91.04541716707878,0.8617979347263806,0.9508265829977666,93.08989673631902,80.1,89.4,Medium,88.9,100,1.0,3,"pe,dcf,ev_ebitda",Review Required,Deep Research Required,Extreme valuation disagreement,8.34161417071592,2.2659900890794136,,,5.631024597959709,73.2625893656001,,,0.3013916015625,,-0.20718410533210885,,0.33,23.89,0.25,Fallback,,,,,
2026-09-27,V3,PRDC,Pioneers Properties For Urban Development - PRE Group (EGX:PRDC) Stock Price \u0026 Overview,Real Estate,Controlled sector registry,High,StockAnalysis.com scrape,7.259615384615385,8.090492565276458,11.236795229550635,14.383097893824813,0.5478499389049881,1.8224316865387573,77.3924969452494,68.0,82.2,Medium,76.2,100,0.8,4,"pe,pb,dcf,ev_ebitda,book_nav_proxy",Review Required,Deep Research Required,Extreme valuation disagreement; Book NAV proxy used; not property-level NAV,12.304432855280314,0.9823566149682524,,,26.017905106532044,,7.39,,0.04300583726000422,0.11570564909204784,-0.0668101484282001,,,32.19,0.25,Fallback,,,,,
2026-09-27,V3,QNBE,Qatar National Bank (EGX:QNBE) Stock Price \u0026 Overview,Financials,Controlled sector registry,High,StockAnalysis.com scrape,60.134883720930226,41.509463020578266,57.65203197302537,73.79460092547248,-0.04128804438081394,1.482479406785018,47.935597780959306,59.9,82.5,Medium,59.6,90,1.0,4,"pe,pb,residual_income,ddm",Review Required,Deep Research Required,Extreme valuation disagreement; Negative free cash flow,4.491029404102332,1.0242698640935144,36.173766073710325,11.157894736842106,,,,,0.2653245121054753,-0.2536952197821404,-0.23586496848865524,,2.0,21.96,0.25,Fallback,,,,,
2026-09-27,V3,RAYA,Raya Holding Company for Financial Investments (S.A.E) (EGX:RAYA) Stock Price \u0026 Overview,Telecom & Technology,Controlled sector registry,High,StockAnalysis.com scrape,6.915887850467289,10.501336192454048,14.585189156186178,18.66904211991831,1.108939513124218,1.6830887141242796,100,41.8,83.3,Medium,81.3,100,1.0,3,"pe,dcf,ev_ebitda",Review Required,Deep Research Required,Extreme valuation disagreement,11.337521066339818,4.704685612562781,,,1.3326534588397159,25.8808207209845,,,0.285777045579352,-0.45270259577981653,-0.2406920149828924,,,7.8,0.25,Fallback,,,,,
2026-09-27,V3,RMDA,Tenth of Ramadan for Pharmaceutical Industries and Diagnostic Reagents (Rameda) (S.A.E) (EGX:RMDA) Stock Price \u0026 Overview,Healthcare,Controlled sector registry,High,StockAnalysis.com scrape,5.77832512315271,2.950440007448307,3.865186889264801,4.779933771081295,-0.33108871396355116,0.7121047301362169,33.445564301822444,57.8,79.6,Medium,51.1,100,0.6666666666666666,2,"pe,dcf,ev_ebitda",Review Required,Deep Research Required,High valuation disagreement,38.52216748768473,5.024630541871922,,,,5.241395822617778,,,0.1393681550126369,-0.11813979377827954,-0.2225897101454163,,,70.47,0.25,Fallback,,,,,
2026-09-27,V3,SAUD,alBaraka Bank Egypt S.A.E. (EGX:SAUD) Stock Price \u0026 Overview,Financials,Controlled sector registry,High,StockAnalysis.com scrape,23.29675165717744,23.329222103395914,29.96195744680851,36.594692790221096,0.2861002206536208,0.6425995296304557,64.30501103268104,56.4,78.6,Medium,65.9,90,0.75,3,"pe,pb,residual_income,ddm",Review Required,Data Limited,High valuation disagreement; DDM unavailable; Negative free cash flow,5.042586938782995,1.0479870291127953,14.08562404819994,,,,,,0.24020032150364784,-0.2158200783423666,-0.21506520768516946,,,32.91,0.25,Fallback,,,,,
2026-09-27,V3,SCEM,Sinai Cement Co. (S.A.E) (EGX:SCEM) Stock Price \u0026 Overview,Materials & Chemicals,Controlled sector registry,High,StockAnalysis.com scrape,84.58264637092137,99.48615750401703,133.14848284146163,166.81080817890623,0.574182040339148,0.7855360974411332,78.7091020169574,96.6,93.2,Medium,86.8,100,1.0,3,"pe,dcf,ev_ebitda",Review Required,Deep Research Required,Extreme valuation disagreement,6.67582055019111,3.0982654348322844,,,63.44426863662213,133.14848284146163,,,0.4517623929223424,,-0.309728084320681,,,,0.25,Fallback,,,,,
2026-09-27,V3,SCTS,Suez Canal Company for Technology Settling (S.A.E) (EGX:SCTS) Stock Price \u0026 Overview,Telecom & Technology,Controlled sector registry,High,StockAnalysis.com scrape,572.937293729373,364.7144062313166,505.6568274797215,646.5992487281264,-0.11743076770532482,0.9033244178565422,44.12846161473376,82.7,90.2,Medium,65.3,100,1.0,3,"pe,dcf,ev_ebitda",Review Required,Deep Research Required,Extreme valuation disagreement,25.784756693491136,13.201320132013203,,,74.51128830539439,505.6568274797215,,,0.5280728376327769,-0.19870874864091492,-0.15860089317366188,,,53.38,0.25,Fallback,,,,,
2026-09-27,V3,SKPC,Sidi Kerir Petrochemicals Co. (EGX:SKPC) Stock Price \u0026 Overview,Materials & Chemicals,Controlled sector registry,High,StockAnalysis.com scrape,17.212389380530972,2.719541918040025,3.7771415528333683,4.834741187626712,-0.7805568146682927,1.3006041047569838,10.972159266585365,57.9,77.4,Medium,39.3,100,0.6666666666666666,2,"pe,dcf,ev_ebitda",Review Required,Deep Research Required,Extreme valuation disagreement; Negative free cash flow,36.62210506495952,2.8735207646963223,,,,1.3208586489017449,,,0.09107773851590106,-0.02224445745082626,-0.19718545130624343,,0.5,73.33,0.25,Fallback,,,,,
2026-09-27,V3,SPHT,El Shams Pyramids Co. For Hotels \u0026 Touristic Projects S.A.E (EGX:SPHT) Stock Price \u0026 Overview,Travel & Leisure,Controlled sector registry,High,StockAnalysis.com scrape,73.44901354884716,,,,,,,74.3,64.1,Low,,80,0.0,0,"pe,dcf,ev_ebitda",Review Required,Data Limited,Low valuation-method coverage; Only one usable valuation method; Negative free cash flow,,133.5436609979039,,,,,,,-0.01491658488714426,,,,,,0.25,Fallback,,,,,
2026-09-27,V3,SPIN,Alexandria Spinning \u0026 Weaving Co. (EGX:SPIN) Stock Price \u0026 Overview,Consumer,Controlled sector registry,High,StockAnalysis.com scrape,16.79973386560213,0.19841325569536455,0.27099894904154676,0.34358464238772896,-0.9838688546372496,0.8538405709505353,0.8065572681375173,43.9,76.4,Medium,30.5,100,0.6666666666666666,2,"pe,dcf,ev_ebitda",Review Required,Deep Research Required,Extreme valuation disagreement; Negative free cash flow,1679.9733865602127,8.038150174929248,,,,0.3866938977298614,,,0.006596498679373001,,-0.29174731389658937,,,,0.25,Fallback,,,,,
2026-09-27,V3,SUGR,Delta Sugar Company (EGX:SUGR) Stock Price \u0026 Overview,Consumer,Controlled sector registry,High,StockAnalysis.com scrape,57.0323488045007,,,,,,,5.4,60.8,Low,,100,0.0,0,"pe,dcf,ev_ebitda",Review Required,Data Limited,Low valuation-method coverage; Only one usable valuation method; Negative free cash flow,,2.970434833567745,,,,,,,-0.5633699633699634,,-0.18691209344374493,,,,0.25,Fallback,,,,,
2026-09-27,V3,SVCE,South Valley Cement Company (EGX:SVCE) Stock Price \u0026 Overview,Industrials,Controlled sector registry,High,StockAnalysis.com scrape,10.906979637539916,0.6136639053412148,0.8523109796405762,1.0909580539399375,-0.9218563701442083,0.9357906085649659,3.907181492789583,46.6,76.2,Medium,32.6,100,0.6666666666666666,2,"pe,dcf,ev_ebitda",Review Required,Deep Research Required,Extreme valuation disagreement,,1.6962643293219155,,,0.45351867447834776,1.2511032848028047,,,-0.09032226877215598,,-0.3381693799663975,,,,0.25,Fallback,,,,,
2026-09-27,V3,SWDY,El Sewedy Electric Company (EGX:SWDY) Stock Price \u0026 Overview,Industrials,Controlled sector registry,High,StockAnalysis.com scrape,118.4626168224299,113.06682052714459,126.96514401099051,140.86346749483644,0.07177392680178189,0.1339348252592006,53.58869634008909,48.9,82.9,Medium,59.8,100,0.6666666666666666,2,"pe,dcf,ev_ebitda",Review Required,Standard Research Review,Negative free cash flow,15.54627517354723,3.6028776405848504,,,,135.46767119955115,,,0.24409075961854654,-0.27848351294501805,-0.283482225475463,,,41.06,0.25,Fallback,,,,,
2026-09-27,V3,TALM,Taaleem Management Services Company S.A.E. (EGX:TALM) Stock Price \u0026 Overview,Consumer,Controlled sector registry,High,StockAnalysis.com scrape,20.39398397907471,12.32195915208348,13.71234020630838,15.10272126053328,-0.3276281760161254,0.09725607250177797,33.61859119919373,62.0,85.2,Medium,53.6,100,0.6666666666666666,2,"pe,dcf,ev_ebitda",Review Required,Standard Research Review,Negative free cash flow,24.278552356041324,6.642991524128571,,,,14.379144382945267,,,0.15978871488938604,-0.21524851802565148,-0.24552444923820582,,,7.47,0.25,Fallback,,,,,
2026-09-27,V3,TAQA,TAQA Arabia S.A.E. (EGX:TAQA) Stock Price \u0026 Overview,Energy & Utilities,Controlled sector registry,High,StockAnalysis.com scrape,17.172932330827066,12.021311352659113,14.712538958637811,17.403766564616507,-0.14327159303904158,0.46782126504618626,42.83642034804792,52.9,89.2,High,56.9,100,1.0,3,"pe,dcf,ev_ebitda",Quantitative Pass,High Conviction Research,,17.88847117794486,5.188197078799718,,,10.052043867335051,14.712538958637811,,,0.23970808383233533,-0.18274165797437714,-0.20960832934878237,,,,0.25,Fallback,,,,,
2026-09-27,V3,TMGH,Talaat Moustafa Group Holding (EGX:TMGH) Stock Price \u0026 Overview,Real Estate,Controlled sector registry,High,StockAnalysis.com scrape,91.83009708737865,60.10425228810035,76.40668192984836,92.70911157159638,-0.16795599315172802,0.6061996643836988,41.602200342413596,56.7,83.7,Medium,55.9,100,0.8,4,"pe,pb,dcf,ev_ebitda,book_nav_proxy",Review Required,Deep Research Required,High valuation disagreement; Book NAV proxy used; not property-level NAV; Negative free cash flow,12.244012944983819,2.0640615214065776,,,,82.3945491344668,44.49,,0.09237168607013937,-0.36571288034119254,-0.25812185696262,,,2.08,0.25,Fallback,,,,,
2026-09-27,V3,UBEE,The United Bank (EGX:UBEE) Stock Price \u0026 Overview,Financials,Controlled sector registry,High,StockAnalysis.com scrape,15.418181818181818,8.157270729695547,11.329542680132706,14.501814630569864,-0.265182962963091,1.0958512782142993,36.74085185184545,61.0,76.4,Medium,52.7,90,0.75,3,"pe,pb,residual_income,ddm",Review Required,Data Limited,Extreme valuation disagreement; DDM unavailable; Negative free cash flow,9.820497973364215,0.9488111888111888,9.486521849884717,,,,,,0.1216374269005848,0.11617900762012123,-0.15884855844560064,,,60.32,0.25,Fallback,,,,,
2026-09-27,V3,VALU,U Consumer Finance S.A.E. (EGX:VALU) Stock Price \u0026 Overview,Financials,Controlled sector registry,High,StockAnalysis.com scrape,10.620853080568722,1.2712603807390817,1.7656394176931691,2.2600184546472564,-0.8337572882047039,1.1212586204199542,8.312135589764807,49.0,74.6,Medium,35.1,90,0.75,3,"pe,pb,residual_income,ddm",Review Required,Data Limited,Extreme valuation disagreement; DDM unavailable; Negative free cash flow,25.28774542992553,8.107521435548643,1.05109465602434,,,,,,0.3305375953505267,0.11994446021554528,-0.3174790575406734,,,,0.25,Fallback,,,,,
2026-09-27,V3,ZMID,Zahraa El Maadi Investment and Development Company SAE (EGX:ZMID) Stock Price \u0026 Overview,Materials & Chemicals,Controlled sector registry,High,StockAnalysis.com scrape,8.04,7.467342922570247,8.451374904070507,9.435406885570766,0.051166032844590516,0.16561156276064065,52.55830164222952,62.2,81.2,Medium,62.1,90,0.6666666666666666,2,"pe,dcf,ev_ebitda",Review Required,Standard Research Review,Negative free cash flow,11.652173913043478,3.045454545454545,,,,7.751552201400918,,,0.31843323216995445,-0.20436346381319848,-0.1747919824477785,,0.25,23.83,0.25,Fallback,,,,,
2026-09-29,V3,ABUK,Abu Qir Fertilizers \u0026 Chemical Industries Company (S.A.E) (EGX:ABUK) Stock Price \u0026 Overview,Materials & Chemicals,Controlled sector registry,High,StockAnalysis.com scrape,89.13492063492063,57.03106071016835,77.59405911807283,98.15705752597731,-0.12947632010709845,0.8409426420727717,43.52618399464508,79.0,90.1,Medium,64.0,100,1.0,3,"pe,dcf,ev_ebitda",Review Required,Deep Research Required,Extreme valuation disagreement,13.608384829758876,4.8390293504300015,,,16.215190301226116,77.59405911807283,,,0.43034162292401684,-0.18675214924225159,-0.19283296081442047,,6.0,75.62,0.25,Fallback,,,,Investing.com InvestingPro,Not publicly verifiable
2026-09-29,V3,ACAP,A Capital Holding (EGX:ACAP) Stock Price \u0026 Overview,Materials & Chemicals,Controlled sector registry,High,StockAnalysis.com scrape,7.835790279791046,7.2256864686881315,7.870705719958481,8.515724971228831,0.004455892631210993,0.008872251462508057,50.22279463156055,37.6,75.2,Medium,53.3,80,0.6666666666666666,2,"pe,dcf,ev_ebitda",Quantitative Pass,Standard Research Review,,12.437762348874676,3.5943992109133234,,,,7.905621160125918,,,0.3831467661691542,-0.5433288596037058,,,,23.9,0.25,Fallback,,,,Investing.com InvestingPro,Not publicly verifiable
2026-09-29,V3,ADIB,Abu Dhabi Islamic Bank - Egypt - S.A.E (EGX:ADIB) Stock Price \u0026 Overview,Financials,Controlled sector registry,High,StockAnalysis.com scrape,50.43333333333333,27.769134154535276,38.568241881298995,49.36734960806272,-0.23526288404562462,1.2520756013254892,38.23685579771877,59.3,76.1,Medium,53.0,90,0.75,3,"pe,pb,residual_income,ddm",Review Required,Data Limited,Extreme valuation disagreement; DDM unavailable; Negative free cash flow,5.286512928022362,1.7366850321395775,17.850706576933767,,,,,,0.31871231054960675,-0.2331429239807583,-0.3050215422584154,,,10.45,0.25,Fallback,,,,Investing.com InvestingPro,Not publicly verifiable
2026-09-29,V3,ALCN,Alexandria Container\u0026Cargo Handling Company (EGX:ALCN) Stock Price \u0026 Overview,Consumer,Controlled sector registry,High,StockAnalysis.com scrape,32.42617449664429,15.836338591666518,21.994914710647944,28.15349082962937,-0.3216925816233998,1.2723494327646394,33.91537091883001,81.3,77.4,Medium,56.6,90,0.6666666666666666,2,"pe,dcf,ev_ebitda",Review Required,Deep Research Required,Extreme valuation disagreement,13.510906040268456,11.921387682589813,,,8.002306082748177,,,,0.8911514253980007,-0.27041748415797606,-0.17996249519174812,,,,0.25,Fallback,,,,Investing.com InvestingPro,Not publicly verifiable
2026-09-29,V3,AMES,Alexandria New Medical Center (EGX:AMES) Stock Price \u0026 Overview,Materials & Chemicals,Controlled sector registry,High,StockAnalysis.com scrape,42.44010139831548,1.902148817475645,2.6418733576050624,3.38159789773448,-0.9377505408667585,2.0227080017658032,3.1124729566620744,64.6,86.7,Medium,39.4,100,1.0,3,"pe,dcf,ev_ebitda",Review Required,Deep Research Required,Extreme valuation disagreement,98.69791022864065,17.831975377443477,,,0.004499429936461387,2.6418733576050624,,,0.1806205990364206,-0.13353670915997207,-0.11001452188367344,,,,0.25,Fallback,,,,Investing.com InvestingPro,Not publicly verifiable
2026-09-29,V3,AMIA,Arab Moltaqa Investments Company (EGX:AMIA) Stock Price \u0026 Overview,Financials,Controlled sector registry,High,StockAnalysis.com scrape,18.684999118632117,3.546046866991872,4.515565509518477,5.485084152045082,-0.7583320458915253,0.6122996318189238,12.083397705423735,35.7,79.2,Medium,34.8,100,0.75,3,"pe,pb,residual_income,ddm",Review Required,Data Limited,High valuation disagreement; DDM unavailable; Negative free cash flow,25.95138766476683,5.49558797606827,2.226899106541426,,,,,,0.2075068493150685,-0.28989565312148535,-0.22867820034059982,,,,0.25,Fallback,,,,Investing.com InvestingPro,Not publicly verifiable
2026-09-29,V3,AMOC,Alexandria Mineral Oils Company (EGX:AMOC) Stock Price \u0026 Overview,Energy & Utilities,Controlled sector registry,High,StockAnalysis.com scrape,13.131782945736436,10.792330509231522,14.989347929488225,19.18636534974493,0.14145565696811144,1.170986785747758,57.07278284840557,66.1,86.9,Medium,66.8,100,1.0,3,"pe,dcf,ev_ebitda",Review Required,Deep Research Required,Extreme valuation disagreement,11.519107847137226,4.040548598688134,,,1.5650682216079899,14.989347929488225,,,0.349146110056926,-0.21959181133878913,-0.23930814981761206,,0.8,70.35,0.25,Fallback,,,,Investing.com InvestingPro,Not publicly verifiable
2026-09-29,V3,ARAB,Arab Developers Holding (EGX:ARAB) Stock Price \u0026 Overview,Financials,Controlled sector registry,High,StockAnalysis.com scrape,0.21799163179916317,0.050664408855378804,0.07036723452135946,0.09007006018734011,-0.6772021295469307,2.2233078177121226,16.139893522653466,41.9,77.0,Medium,37.8,100,0.75,3,"pe,pb,residual_income,ddm",Review Required,Data Limited,Extreme valuation disagreement; DDM unavailable; Negative free cash flow,21.799163179916317,1.2823037164656657,0.07036723452135946,,,,,,0.04009515928837402,0.0,-0.08675037897698545,,,24.84,0.25,Fallback,,,,Investing.com InvestingPro,Not publicly verifiable
2026-09-29,V3,ARCC,Arabian Cement Company S.A.E. (EGX:ARCC) Stock Price \u0026 Overview,Materials & Chemicals,Controlled sector registry,High,StockAnalysis.com scrape,61.70138981513591,75.01945252598611,104.1936840638696,133.36791560175308,0.6886764524437007,1.1517376323278314,84.43382262218503,71.6,87.7,Medium,82.1,100,1.0,3,"pe,dcf,ev_ebitda",Review Required,Deep Research Required,Extreme valuation disagreement,5.328272004761305,4.824189977727593,,,24.025501012733475,104.1936840638696,,,0.910740354535975,-0.6400203949643394,-0.2841497070118345,,2.94,71.08,0.25,Fallback,,,,Investing.com InvestingPro,Not publicly verifiable
2026-09-29,V3,ATQA,Misr National Steel - Ataqa (EGX:ATQA) Stock Price \u0026 Overview,Materials & Chemicals,Scraped industry → macro taxonomy,Medium,StockAnalysis.com scrape,11.833333333333334,2.469774988280034,3.430243039277825,4.390711090275616,-0.7101203065399022,1.331053219629925,14.493984673004888,62.6,78.1,Medium,42.4,100,0.6666666666666666,2,"pe,dcf,ev_ebitda",Review Required,Deep Research Required,Extreme valuation disagreement,,5.9463986599664995,,,5.713161060049769,1.1473250185058808,,,-0.025660377358490565,,-0.15600133696049956,,,,0.25,Fallback,,,,Investing.com InvestingPro,Not publicly verifiable
2026-09-29,V3,AXPH,Alexandria Co. For Pharmaceuticals \u0026 Chemical Industries (EGX:AXPH) Stock Price \u0026 Overview,Healthcare,Controlled sector registry,High,StockAnalysis.com scrape,1542.0,1199.6009931296594,1542.0,1884.3990068703406,0.0,0.6456756481262245,50.0,80.5,91.9,Medium,68.1,100,1.0,3,"pe,dcf,ev_ebitda",Review Required,Deep Research Required,High valuation disagreement,15.450901803607215,7.102063375092115,,,656.0764175825306,1651.7082669931688,,,0.4594843462246777,-0.2518011036859611,-0.1874568110710234,,62.95,59.93,0.25,Fallback,,,,Investing.com InvestingPro,Not publicly verifiable
2026-09-29,V3,BINV,B Investments Holding S.A.E. (EGX:BINV) Stock Price \u0026 Overview,Financials,Controlled sector registry,High,StockAnalysis.com scrape,56.00842645173108,13.183250951725016,18.310070766284746,23.436890580844473,-0.6730836424753935,1.5122660093352938,16.34581787623032,68.1,87.2,Medium,47.0,100,1.0,4,"pe,pb,residual_income,ddm",Review Required,Deep Research Required,Extreme valuation disagreement,19.721276919623623,2.062925467835399,16.930349722089417,8.368421052631579,,,,,0.09187627069416207,-0.2577121929951285,-0.2729845075962264,,1.5,0.97,0.25,Fallback,,,,Investing.com InvestingPro,Not publicly verifiable
2026-09-29,V3,BIOC,GlaxoSmithKline S.A.E (EGX:BIOC) Stock Price \u0026 Overview,Healthcare,Controlled sector registry,High,StockAnalysis.com scrape,232.5470003592384,34.33673645380902,38.53431650989772,42.731896565986425,-0.8342945019700537,0.1315043595929418,8.285274901497317,44.8,82.3,Medium,35.9,100,0.6666666666666666,2,"pe,dcf,ev_ebitda",Review Required,Standard Research Review,Negative free cash flow,99.80557955332121,8.903024516050476,,,,41.06803181739063,,,0.08802016498625115,-0.04508841667905594,-0.1291608882270624,,0.75,51.48,0.25,Fallback,,,,Investing.com InvestingPro,Not publicly verifiable
2026-09-29,V3,BONY,Bonyan for Development and Trade (EGX:BONY) Stock Price \u0026 Overview,Financials,Controlled sector registry,High,StockAnalysis.com scrape,3.93048128342246,5.761455470566468,7.487667308210732,9.213879145854996,0.9050255600481725,0.6842757725283186,95.25127800240863,79.9,81.8,Medium,88.0,90,0.75,3,"pe,pb,residual_income,ddm",Review Required,Data Limited,High valuation disagreement; DDM unavailable,3.639334521687463,0.5631062010633897,4.146561037779939,,,,,,0.15411638918588666,1.010336261506363,,,,,0.25,Fallback,,,,Investing.com InvestingPro,Not publicly verifiable
2026-09-29,V3,BTFH,Beltone Holding S.A.E (EGX:BTFH) Stock Price \u0026 Overview,Financials,Controlled sector registry,High,StockAnalysis.com scrape,2.6595149253731343,0.6316082939020305,0.8772337415305981,1.1228591891591655,-0.6701527285440894,2.8868214014130653,16.492363572795533,28.4,71.5,Medium,33.2,90,0.75,3,"pe,pb,residual_income,ddm",Review Required,Data Limited,Extreme valuation disagreement; DDM unavailable; Negative free cash flow,44.325248756218905,1.1979796961140243,0.8772337415305981,,,,,,0.02815194317439582,,-0.5366995656125879,,,21.13,0.25,Fallback,,,,Investing.com InvestingPro,Not publicly verifiable
2026-09-29,V3,CANA,Suez Canal Bank (S.A.E) (EGX:CANA) Stock Price \u0026 Overview,Financials,Controlled sector registry,High,StockAnalysis.com scrape,45.01,22.14645823068309,30.758969764837627,39.371481298992165,-0.31661920095895074,0.9331190304159167,34.169039952052465,53.4,75.8,Medium,49.4,90,0.75,3,"pe,pb,residual_income,ddm",Review Required,Data Limited,Extreme valuation disagreement; DDM unavailable; Negative free cash flow,7.342577487765089,1.9434369602763384,13.797664955823498,,,,,,0.30079440462827045,-0.3871374568434267,-0.33500162012016776,,,10.12,0.25,Fallback,,,,Investing.com InvestingPro,Not publicly verifiable
2026-09-29,V3,CCAP,QALA For Financial Investments (EGX:CCAP) Stock Price \u0026 Overview,Holding Companies,Controlled sector registry,High,StockAnalysis.com scrape,6.281323877068557,0.38270299575299294,0.4159815171228184,0.4492600384926439,-0.933774865734681,,3.311256713265948,62.8,77.8,Low,36.8,100,0.3333333333333333,1,"sotp,pe,pb",Review Required,Data Limited,Low valuation-method coverage; Only one usable valuation method; SOTP unavailable — component data required,104.68873128447595,,,,,,,,0.0026804273919378337,,-0.2286874988870108,,,45.7,0.25,Fallback,,,,Investing.com InvestingPro,Not publicly verifiable
2026-09-29,V3,CICH,CI Capital Holding For Financial Investments (S.A.E) (EGX:CICH) Stock Price \u0026 Overview,Financials,Controlled sector registry,High,StockAnalysis.com scrape,11.35,8.141734247673217,10.58501679731243,13.028299346951645,-0.06739940111784748,0.6855664844788275,46.630029944107626,40.9,75.9,Medium,52.5,90,0.75,3,"pe,pb,residual_income,ddm",Review Required,Data Limited,High valuation disagreement; DDM unavailable; Negative free cash flow,6.376404494382022,1.424090338770389,5.084052254094125,,,,,,0.22141967621419675,-0.1750687001493958,-0.10950518565467215,,,39.86,0.25,Fallback,,,,Investing.com InvestingPro,Not publicly verifiable
2026-09-29,V3,CIEB,Credit Agricole - Egypt Bank (S.A.E.) (EGX:CIEB) Stock Price \u0026 Overview,Financials,Controlled sector registry,High,StockAnalysis.com scrape,23.72,17.546005860948732,23.72,29.893994139051266,0.0,0.8194837764547118,50.0,61.6,77.9,Medium,59.9,90,0.75,3,"pe,pb,residual_income,ddm",Review Required,Data Limited,Extreme valuation disagreement; DDM unavailable; Negative free cash flow,4.763052208835341,1.3281075027995521,15.088310743688169,,,,,,0.3133231789266195,-0.23674075482303436,-0.22774050924517852,,,69.79,0.25,Fallback,,,,Investing.com InvestingPro,Not publicly verifiable
2026-09-29,V3,CIRA,Cairo For Investment And Real Estate Developments-CIRA Education (EGX:CIRA) Stock Price \u0026 Overview,Consumer,Controlled sector registry,High,StockAnalysis.com scrape,38.624547435611454,17.746940594650876,24.44152626743032,31.136111940209766,-0.3672022615106301,0.8813732377820126,31.639886924468495,65.6,87.8,Medium,54.2,100,1.0,3,"pe,dcf,ev_ebitda",Review Required,Deep Research Required,Extreme valuation disagreement,23.696041371540773,9.045561460330552,,,14.134862473238464,35.67696961589763,,,0.3308097432521396,-0.23042134359576705,-0.2528921352200645,,0.343,28.02,0.25,Fallback,,,,Investing.com InvestingPro,Not publicly verifiable
2026-09-29,V3,CLHO,Cleopatra Hospitals Group S.A.E. (EGX:CLHO) Stock Price \u0026 Overview,Healthcare,Controlled sector registry,High,StockAnalysis.com scrape,15.193103448275862,6.17246746462715,8.043776155848981,9.915084847070812,-0.4705639842950058,0.6938207848047725,26.471800785249712,51.6,78.9,Medium,45.8,100,0.6666666666666666,2,"pe,dcf,ev_ebitda",Review Required,Deep Research Required,High valuation disagreement; Negative free cash flow,44.68559837728194,5.821112432289603,,,,10.83424569847151,,,0.1509688013136289,-0.09530287298975992,-0.20749898763601127,,,22.29,0.25,Fallback,,,,Investing.com InvestingPro,Not publicly verifiable
2026-09-29,V3,CNFN,Contact Financial Holding S.A.E. (EGX:CNFN) Stock Price \u0026 Overview,Financials,Controlled sector registry,High,StockAnalysis.com scrape,3.966666666666667,1.3477801154779316,1.871916827052683,2.396053538627434,-0.5280881948606682,1.7447788256750003,23.59559025696659,55.2,75.5,Medium,44.5,90,0.75,3,"pe,pb,residual_income,ddm",Review Required,Data Limited,Extreme valuation disagreement; DDM unavailable,14.691358024691358,1.0987996306555865,1.5283872418401308,,,,,,0.06762350936967632,0.08178074106640287,-0.21792916096753212,,,19.34,0.25,Fallback,,,,Investing.com InvestingPro,Not publicly verifiable
2026-09-29,V3,COMI,Commercial International Bank Egypt (CIB) S.A.E. (EGX:COMI) Stock Price \u0026 Overview,Financials,Controlled sector registry,High,StockAnalysis.com scrape,128.316715542522,53.41584244954828,74.18867006881706,94.96149768808584,-0.42183160038699563,1.3869897257553716,28.90841998065022,60.0,82.5,Medium,50.1,90,1.0,4,"pe,pb,residual_income,ddm",Review Required,Deep Research Required,Extreme valuation disagreement; Negative free cash flow,6.523473082995525,1.8260525906150846,55.05122591590958,33.473684210526315,,,,,0.3699709751023421,-0.28525231429707454,-0.279388592655322,,6.0,33.48,0.25,Fallback,,,,Investing.com InvestingPro,Not publicly verifiable
2026-09-29,V3,CPCI,Kahira Pharmaceuticals \u0026 Chemical Industries Company (EGX:CPCI) Stock Price \u0026 Overview,Materials & Chemicals,Controlled sector registry,High,StockAnalysis.com scrape,560.6162089752177,235.75859209785375,327.4424890247969,419.12638595174,-0.4159239711899381,1.1222411619047692,29.203801440503092,73.8,88.1,Medium,55.1,100,1.0,3,"pe,dcf,ev_ebitda",Review Required,Deep Research Required,Extreme valuation disagreement,16.596098548703896,7.208643551179345,,,52.67817280480887,327.4424890247969,,,0.4345305770887166,-0.24439863081719848,-0.1499658698797981,,16.74,42.07,0.25,Fallback,,,,Investing.com InvestingPro,Not publicly verifiable
2026-09-29,V3,CSAG,Canal Shipping Agencies Company (EGX:CSAG) Stock Price \u0026 Overview,Industrials,Controlled sector registry,High,StockAnalysis.com scrape,35.13333333333333,8.34057611702464,11.584133495867555,14.82769087471047,-0.6702808302883998,4.538598210934396,16.485958485580014,75.6,84.8,Medium,48.4,90,1.0,3,"pe,dcf,ev_ebitda",Review Required,Deep Research Required,Extreme valuation disagreement,9.294532627865962,6.1529480443666085,,,11.584133495867555,3.215132695048005,,,0.6619964973730298,-0.29251603585831,-0.20032774183264868,,2.9,132.41,0.25,Fallback,,,,Investing.com InvestingPro,Not publicly verifiable
2026-09-29,V3,DOMT,Arabian Food Industries Company (DOMTY) - S.A.E (EGX:DOMT) Stock Price \u0026 Overview,Consumer,Controlled sector registry,High,StockAnalysis.com scrape,24.48604083365769,12.389676761209722,17.152328782515546,21.91498080382137,-0.29950583277070536,0.8984906952112045,35.02470836146473,54.3,77.6,Medium,50.5,100,0.6666666666666666,2,"pe,dcf,ev_ebitda",Review Required,Deep Research Required,Extreme valuation disagreement,38.86673148199633,4.542864718674896,,,,24.85793268866232,,,0.144257555847569,-0.1972584382397693,-0.19098370986408597,,,136.58,0.25,Fallback,,,,Investing.com InvestingPro,Not publicly verifiable
2026-09-29,V3,EAST,Eastern Company S.A.E (EGX:EAST) Stock Price \u0026 Overview,Consumer,Controlled sector registry,High,StockAnalysis.com scrape,29.9,29.785528571475183,36.8915151049724,43.997501638469615,0.2338299366211505,0.5119020547971521,61.69149683105753,54.3,80.7,Medium,64.6,100,0.6666666666666666,2,"pe,dcf,ev_ebitda",Review Required,Deep Research Required,High valuation disagreement; Negative free cash flow,9.676375404530745,6.764705882352941,,,,27.449093911564628,,,0.7832880434782609,-0.1602959532362943,-0.17330314592819518,,2.85,54.07,0.25,Fallback,,,,Investing.com InvestingPro,Not publicly verifiable
2026-09-29,V3,EFIC,Egyptian Financial and Industrial SAE (EGX:EFIC) Stock Price \u0026 Overview,Materials & Chemicals,Controlled sector registry,High,StockAnalysis.com scrape,160.4,47.1264262759857,63.97620828223152,80.82599028847734,-0.6011458336519233,0.8335261482826183,19.942708317403834,33.7,75.1,Medium,37.2,100,0.6666666666666666,2,"pe,dcf,ev_ebitda",Review Required,Deep Research Required,Extreme valuation disagreement; Negative free cash flow,53.46666666666667,5.1658615136876005,,,,90.63912951783901,,,0.1409591245574509,-0.030467495661483546,-0.2552848005713042,,,249.45,0.25,Fallback,,,,Investing.com InvestingPro,Not publicly verifiable
2026-09-29,V3,EFID,Edita Food Industries Company (S.A.E) (EGX:EFID) Stock Price \u0026 Overview,Consumer,Controlled sector registry,High,StockAnalysis.com scrape,18.985576923076923,13.669615384615385,18.985576923076923,24.301538461538463,0.0,1.6072727397426618,50.0,64.0,86.6,Medium,62.6,100,1.0,3,"pe,dcf,ev_ebitda",Review Required,Deep Research Required,Extreme valuation disagreement,8.40069775357386,4.446270942172582,,,3.373250907050186,18.985576923076923,,,0.5386569296713765,-0.3036643069505033,-0.26158003338274316,,0.864,57.34,0.25,Fallback,,,,Investing.com InvestingPro,Not publicly verifiable
2026-09-29,V3,EFIH,e-finance for Digital and Financial Investments S.A.E. (EGX:EFIH) Stock Price \u0026 Overview,Telecom & Technology,Controlled sector registry,High,StockAnalysis.com scrape,21.982608695652175,11.4490838403276,15.697309826798715,19.94553581326983,-0.28592142797395087,0.8665182509687896,35.70392860130246,79.6,90.0,Medium,60.3,100,1.0,3,"pe,dcf,ev_ebitda",Review Required,Deep Research Required,Extreme valuation disagreement,32.327365728900254,7.632850241545895,,,3.8065409821518377,17.408546438184654,,,0.30824834141994256,-0.2512752077679591,-0.23952821576159056,,,55.38,0.25,Fallback,,,,Investing.com InvestingPro,Not publicly verifiable
2026-09-29,V3,EGAL,Egypt Aluminum (EGX:EGAL) Stock Price \u0026 Overview,Materials & Chemicals,Controlled sector registry,High,StockAnalysis.com scrape,342.0121212121212,306.84584590710193,389.7369346740159,472.6280234409299,0.1395412925505498,0.6031123396354732,56.97706462752749,81.8,92.4,Medium,72.0,100,1.0,3,"pe,dcf,ev_ebitda",Review Required,Deep Research Required,High valuation disagreement,9.108178993665012,4.1627570741494795,,,231.98282168664073,389.7369346740159,,,0.45706951492977693,-0.36618039170371053,-0.2774666827954466,,,21.3,0.25,Fallback,,,,Investing.com InvestingPro,Not publicly verifiable
2026-09-29,V3,EGAS,Egypt Gas Company SAE (EGX:EGAS) Stock Price \u0026 Overview,Energy & Utilities,Controlled sector registry,High,StockAnalysis.com scrape,56.025516571904035,22.426142726543773,29.185419389102776,35.94469605166178,-0.47906916035935615,0.6890805571040434,26.046541982032192,67.7,81.3,Medium,50.3,100,0.6666666666666666,2,"pe,dcf,ev_ebitda",Review Required,Deep Research Required,High valuation disagreement,23.94252844953164,1.6159652890655907,,,19.12986686312373,,,,0.06948589717943589,-0.14169404025974763,-0.1175380373068724,,,29.25,0.25,Fallback,,,,Investing.com InvestingPro,Not publicly verifiable
2026-09-29,V3,EGBE,Egyptian Gulf Bank (S.A.E) (EGX:EGBE) Stock Price \u0026 Overview,Financials,Controlled sector registry,High,StockAnalysis.com scrape,26.410748560460654,26.669461142217248,37.04091825307951,47.41237536394178,0.4024940704836064,0.9447078076884129,70.12470352418032,59.2,76.6,Medium,69.0,90,0.75,3,"pe,pb,residual_income,ddm",Review Required,Data Limited,Extreme valuation disagreement; DDM unavailable; Negative free cash flow,3.4255186200338072,0.9469612248282773,18.4607802726497,,,,,,0.3213772332124033,-0.3141544948372569,-0.24883570184780923,,,19.26,0.25,Fallback,,,,Investing.com InvestingPro,Not publicly verifiable
2026-09-29,V3,EGCH,Egyptian Chemical Industries (EGX:EGCH) Stock Price \u0026 Overview,Materials & Chemicals,Controlled sector registry,High,StockAnalysis.com scrape,13.527638190954773,7.24465349591212,8.948534842695949,10.652416189479778,-0.3384998388943187,0.5018589770869719,33.07500805528406,60.8,81.8,Medium,52.2,100,0.6666666666666666,2,"pe,dcf,ev_ebitda",Review Required,Deep Research Required,High valuation disagreement; Negative free cash flow,15.03070910106086,0.6251219127058583,,,,6.703083571404692,,,0.04173063503140265,-0.1239914599647125,-0.20701387862391318,,,3.12,0.25,Fallback,,,,Investing.com InvestingPro,Not publicly verifiable
2026-09-29,V3,EGSA,The Egyptian Satellite Company Nilesat (EGX:EGSA) Stock Price \u0026 Overview,Travel & Leisure,Controlled sector registry,High,StockAnalysis.com scrape,461.1468381564845,8.473600161634844,10.410588354143268,12.347576546651693,-0.9774245695888073,0.48208834323144145,1.1287715205596385,72.2,80.1,Medium,38.6,90,0.6666666666666666,2,"pe,dcf,ev_ebitda",Quantitative Pass,Standard Research Review,,339.0785574680033,25.03511607798504,,,7.901176708286535,,,,0.0839660237949792,-0.11700795627040539,0.026541752485211623,,,36.55,0.25,Fallback,,,,Investing.com InvestingPro,Not publicly verifiable
2026-09-29,V3,EGTS,Egyptian Resorts Company (S.A.E) (EGX:EGTS) Stock Price \u0026 Overview,Industrials,Controlled sector registry,High,StockAnalysis.com scrape,18.114285714285714,2.7443429720516685,2.9829814913605093,3.2216200106693504,-0.8353243656188993,,8.233781719055031,28.3,69.1,Low,28.5,90,0.3333333333333333,1,"pe,dcf,ev_ebitda",Review Required,Data Limited,Low valuation-method coverage; Only one usable valuation method,,38.54103343465046,,,2.9829814913605093,,,,-0.2099190601891509,,-0.34658091231574406,,,,0.25,Fallback,,,,Investing.com InvestingPro,Not publicly verifiable
2026-09-29,V3,ELEC,Electro Cable Egypt (EGX:ELEC) Stock Price \u0026 Overview,Industrials,Controlled sector registry,High,StockAnalysis.com scrape,1.8217522658610272,1.8918115791594268,2.056316933868942,2.2208222885784576,0.12875771991810908,,56.437885995905454,30.2,72.9,Low,54.0,100,0.3333333333333333,1,"pe,dcf,ev_ebitda",Review Required,Data Limited,Low valuation-method coverage; Only one usable valuation method,,1.6868076535750252,,,,2.056316933868942,,,-0.053599553197430885,,-0.21953159858811766,,,,0.25,Fallback,,,,Investing.com InvestingPro,Not publicly verifiable
2026-09-29,V3,EMFD,Emaar Misr for Development Company (S.A.E.) (EGX:EMFD) Stock Price \u0026 Overview,Real Estate,Controlled sector registry,High,StockAnalysis.com scrape,12.392660550458716,11.03461411369636,15.32585293568939,19.61709175768242,0.2366878664422146,0.9623248153178714,61.83439332211073,65.3,82.1,Medium,67.8,100,0.8,4,"pe,pb,dcf,ev_ebitda,book_nav_proxy",Review Required,Deep Research Required,Extreme valuation disagreement; Book NAV proxy used; not property-level NAV; Negative free cash flow,10.157918483982554,0.9395497005654827,,,,17.46170587137878,13.19,,0.10003619455967926,-0.0653868561604043,-0.12383520263843129,,,,0.25,Fallback,,,,Investing.com InvestingPro,Not publicly verifiable
2026-09-29,V3,ENGC,Industrial Engineering Company for Construction and Development (ICON) (S.A.E.) (EGX:ENGC) Stock Price \u0026 Overview,Materials & Chemicals,Controlled sector registry,High,StockAnalysis.com scrape,38.00687285223368,49.70129834610321,69.02958103625446,88.35786372640571,0.8162394287115775,1.257528169234116,90.81197143557887,57.6,85.6,Medium,81.2,100,1.0,3,"pe,dcf,ev_ebitda",Review Required,Deep Research Required,Extreme valuation disagreement,6.848085198600662,1.8133050024920647,,,3.0949311870923175,89.90157385061143,,,0.23846946867565424,-0.3656683595911463,-0.22800684660362291,,,,0.25,Fallback,,,,Investing.com InvestingPro,Not publicly verifiable
2026-09-29,V3,ETEL,Telecom Egypt Company (EGX:ETEL) Stock Price \u0026 Overview,Unclassified,Scraped industry → macro taxonomy,Low,StockAnalysis.com scrape,135.76608187134502,,,,,,,66.6,66.5,Low,,100,0.0,0,"pe,dcf,ev_ebitda",Review Required,Data Limited,Sector classification unresolved; Low valuation-method coverage; Only one usable valuation method,9.173383910226015,3.1478340336504758,,,,,,,0.37261423180300274,-0.2164910814834866,-0.20317973216479845,,,9.33,0.25,Fallback,,,,Investing.com InvestingPro,Not publicly verifiable
2026-09-29,V3,EXPA,Export Development Bank of Egypt (S.A.E.) (EGX:EXPA) Stock Price \u0026 Overview,Financials,Controlled sector registry,High,StockAnalysis.com scrape,21.551470588235293,,,,,,,57.3,58.1,Low,,70,0.0,0,"pe,pb,residual_income,ddm",Review Required,Data Limited,Low valuation-method coverage; Only one usable valuation method; Residual Income unavailable; DDM unavailable; Missing EPS; Missing BVPS; Negative free cash flow,,,,,,,,,0.2637812386816371,-0.36441452987852463,-0.3149117941320472,,,12.06,0.25,Fallback,,,,Investing.com InvestingPro,Not publicly verifiable
2026-09-29,V3,FAIT,Faisal Islamic Bank of Egypt (EGX:FAIT) Stock Price \u0026 Overview,Financials,Controlled sector registry,High,StockAnalysis.com scrape,48.34625607473696,42.219088198714644,58.63762249821478,75.05615679771492,0.21286790868704963,1.389225763018325,60.643395434352485,79.5,85.4,Medium,71.6,90,1.0,4,"pe,pb,residual_income,ddm",Review Required,Deep Research Required,Extreme valuation disagreement; Negative free cash flow,4.263338278195499,0.659117328898936,38.65473826021689,15.955789473684211,,,,,0.16141382519671715,2.287249954473702,-0.16545519799720987,,2.86,25.63,0.25,Fallback,,,,Investing.com InvestingPro,Not publicly verifiable
2026-09-29,V3,FERC,Ferchem Misr for fertilizers and chemicals S.A.E (EGX:FERC) Stock Price \u0026 Overview,Energy & Utilities,Controlled sector registry,High,StockAnalysis.com scrape,73.4,67.70124060150377,73.76091791979951,79.82059523809525,0.0049171378719278565,0.009786155866225115,50.24585689359639,51.3,84.3,Medium,59.0,100,0.6666666666666666,2,"pe,dcf,ev_ebitda",Review Required,Standard Research Review,Negative free cash flow,16.60633484162896,7.224409448818898,,,,73.4,,,0.4512795275590551,-0.43700628338242875,-0.6507368554609234,,,131.81,0.25,Fallback,,,,Investing.com InvestingPro,Not publicly verifiable
2026-09-29,V3,FWRY,Fawry for Banking Technology and Electronic Payments S.A.E. (EGX:FWRY) Stock Price \u0026 Overview,Telecom & Technology,Controlled sector registry,High,StockAnalysis.com scrape,18.281524926686217,14.234572726513242,19.621637283498394,25.008701840483546,0.0733041889112853,0.8843052185779952,53.665209445564265,73.6,89.0,Medium,67.5,100,1.0,3,"pe,dcf,ev_ebitda",Review Required,Deep Research Required,Extreme valuation disagreement,21.507676384336726,6.872753731836923,,,3.705649090272026,21.057165337114213,,,0.34717625707270205,-0.32399102157964843,-0.30339937689961227,,,13.8,0.25,Fallback,,,,Investing.com InvestingPro,Not publicly verifiable
2026-09-29,V3,GBCO,GB Corp (EGX:GBCO) Stock Price \u0026 Overview,Industrials,Controlled sector registry,High,StockAnalysis.com scrape,29.321100917431192,24.62457152406127,31.72251023500565,38.82044894595003,0.08190038035532415,0.6534129662561186,54.095019017766205,57.0,88.3,Medium,63.4,100,1.0,3,"pe,dcf,ev_ebitda",Review Required,Deep Research Required,High valuation disagreement,12.973938459040351,0.9513660258738219,,,12.628540748306726,31.72251023500565,,,0.07028581188795263,-0.10608493952977283,-0.19474976824056778,,0.35,18.61,0.25,Fallback,,,,Investing.com InvestingPro,Not publicly verifiable
2026-09-29,V3,GOUR,Gourmet Egypt.Com Foods (EGX:GOUR) Stock Price \u0026 Overview,Consumer,Controlled sector registry,High,StockAnalysis.com scrape,14.15,6.110205319620667,7.844193399234694,9.578181478848721,-0.4456400424569121,0.6411532427767762,27.717997877154396,68.8,90.2,Medium,53.6,100,1.0,3,"pe,dcf,ev_ebitda",Review Required,Deep Research Required,High valuation disagreement,24.396551724137932,17.6875,,,3.6676547719281887,7.844193399234694,,,0.8010043942247332,,-0.2368412110127427,,,,0.25,Fallback,,,,Investing.com InvestingPro,Not publicly verifiable
2026-09-29,V3,HDBK,Housing and Development Bank- Egypt (S.A.E) (EGX:HDBK) Stock Price \u0026 Overview,Financials,Controlled sector registry,High,StockAnalysis.com scrape,107.26415094339623,41.988384322508395,58.31720044792833,74.64601657334826,-0.4563216141178186,1.5899572831956346,27.18391929410907,66.9,77.3,Medium,49.6,90,0.75,3,"pe,pb,residual_income,ddm",Review Required,Data Limited,Extreme valuation disagreement; DDM unavailable; Negative free cash flow,5.726863371243792,2.442818286116972,37.13370600740978,,,,,,0.4244848329706899,-0.3672339573693916,-0.3305580105556404,,,32.66,0.25,Fallback,,,,Investing.com InvestingPro,Not publicly verifiable
2026-09-29,V3,HELI,Heliopolis Co. for Housing \u0026 Development (EGX:HELI) Stock Price \u0026 Overview,Real Estate,Controlled sector registry,High,StockAnalysis.com scrape,7.3915211970074814,3.380998746285396,4.69583159206305,6.010664437840704,-0.36470024682277896,1.4532660617923645,31.764987658861052,61.2,86.2,Medium,52.7,100,1.0,5,"pe,pb,dcf,ev_ebitda,book_nav_proxy",Review Required,Deep Research Required,Extreme valuation disagreement; Book NAV proxy used; not property-level NAV,8.695907290597038,3.0543476020692073,,,0.7321892055516317,6.678920375654514,2.42,,0.3537984496124031,-0.45733949689890896,-0.33428500482673995,,,46.98,0.25,Fallback,,,,Investing.com InvestingPro,Not publicly verifiable
2026-09-29,V3,HRHO,EFG Holding Company S.A.E (EGX:HRHO) Stock Price \u0026 Overview,Financials,Controlled sector registry,High,StockAnalysis.com scrape,23.46527777777778,11.124270177967889,15.450375247177623,19.77648031638736,-0.3415643576224985,2.062360097554034,32.92178211887507,41.1,79.7,Medium,46.7,90,1.0,4,"pe,pb,residual_income,ddm",Review Required,Deep Research Required,Extreme valuation disagreement; Negative free cash flow,8.658774087740877,0.932642201024554,12.112251970974615,1.5509473684210529,,,,,0.0835496711664936,-0.171166464313675,-0.26441853321546793,,0.278,35.85,0.25,Fallback,,,,Investing.com InvestingPro,Not publicly verifiable
2026-09-29,V3,IFAP,International Company for Agricultural Crops (EGX:IFAP) Stock Price \u0026 Overview,Materials & Chemicals,Controlled sector registry,High,StockAnalysis.com scrape,19.304631100565064,4.920905421435301,6.834590863104585,8.748276304773869,-0.6459610739257002,1.821633431437363,17.70194630371499,52.1,76.5,Medium,41.0,100,0.6666666666666666,2,"pe,dcf,ev_ebitda",Review Required,Deep Research Required,Extreme valuation disagreement; Negative free cash flow,18.38536295291911,2.281871288482868,,,,0.6095312598907576,,,0.10806686377075278,-0.43585286067791673,-0.2682833152919072,,,,0.25,Fallback,,,,Investing.com InvestingPro,Not publicly verifiable
2026-09-29,V3,IRON,Egyptian Iron and Steel Company (EGX:IRON) Stock Price \u0026 Overview,Materials & Chemicals,Controlled sector registry,High,StockAnalysis.com scrape,25.96046556860176,21.85563599944258,23.75612608635063,25.656616173258683,-0.08491140023764433,,45.754429988117785,55.0,69.6,Low,54.0,80,0.3333333333333333,1,"pe,dcf,ev_ebitda",Review Required,Data Limited,Low valuation-method coverage; Only one usable valuation method; Negative free cash flow,13.591866789843854,,,,,,,,-0.2761778171614237,,-0.06300527015577218,,,,0.25,Fallback,,,,Investing.com InvestingPro,Not publicly verifiable
2026-09-29,V3,ISMQ,Iron \u0026 Steel for Mines \u0026 Quarries (EGX:ISMQ) Stock Price \u0026 Overview,Materials & Chemicals,Controlled sector registry,High,StockAnalysis.com scrape,7.7185295894028885,3.9894582754341044,5.441521544245506,6.893584813056909,-0.2950054176489247,0.8493125389525232,35.24972911755377,72.0,85.5,Medium,57.0,90,1.0,3,"pe,dcf,ev_ebitda",Review Required,Deep Research Required,Extreme valuation disagreement,15.134371743927233,10.72017998528179,,,1.7217063194180786,5.441521544245506,,,0.705055020143209,-0.4707968095281341,-0.41710908281498027,,0.42,82.53,0.25,Fallback,,,,Investing.com InvestingPro,Not publicly verifiable
2026-09-29,V3,ISPH,Ibnsina Pharma (EGX:ISPH) Stock Price \u0026 Overview,Healthcare,Controlled sector registry,High,StockAnalysis.com scrape,11.712871287128714,12.463484938117665,13.785132699234783,15.106780460351901,0.17692172664641842,0.0721584853746365,58.84608633232092,36.7,81.6,Medium,59.0,100,0.6666666666666666,2,"pe,dcf,ev_ebitda",Review Required,Standard Research Review,Negative free cash flow,13.619617775731063,3.7661965553468533,,,,14.28248984736736,,,0.342365317182021,-0.23864913425596923,-0.23517463251945003,,,30.11,0.25,Fallback,,,,Investing.com InvestingPro,Not publicly verifiable
2026-09-29,V3,JUFO,Juhayna Food Industries S.A.E. (EGX:JUFO) Stock Price \u0026 Overview,Consumer,Controlled sector registry,High,StockAnalysis.com scrape,25.047619047619047,21.986055913969476,24.911526549223993,27.83699718447851,-0.00543335069638051,0.1701564479095692,49.728332465180976,52.2,83.1,Medium,58.7,100,0.6666666666666666,2,"pe,dcf,ev_ebitda",Review Required,Standard Research Review,Negative free cash flow,16.478696741854638,4.21677088343755,,,,27.030954984034434,,,0.2871196522534889,-0.2502926259182173,-0.23448350418932318,,,30.0,0.25,Fallback,,,,Investing.com InvestingPro,Not publicly verifiable
2026-09-29,V3,KORA,Korra for Energy and Investment Projects (S.A.E.) (EGX:KORA) Stock Price \u0026 Overview,Travel & Leisure,Controlled sector registry,High,StockAnalysis.com scrape,6.0,,,,,,,,36.0,Low,,10,0.0,0,"pe,dcf,ev_ebitda",Review Required,Data Limited,Low valuation-method coverage; Only one usable valuation method; Missing EPS; Missing BVPS,,,,,,,,,,,,,,,0.25,Fallback,,,,Investing.com InvestingPro,Not publicly verifiable
2026-09-29,V3,MASR,Madinet Masr For Housing and Development (EGX:MASR) Stock Price \u0026 Overview,Real Estate,Controlled sector registry,High,StockAnalysis.com scrape,7.004672897196261,8.368670450516332,11.623153403494905,14.877636356473479,0.6593427807524417,1.2455471008818881,82.96713903762208,62.5,86.4,Medium,78.7,100,1.0,5,"pe,pb,dcf,ev_ebitda,book_nav_proxy",Review Required,Deep Research Required,Extreme valuation disagreement; Book NAV proxy used; not property-level NAV,5.1504947773501915,1.1693944736554691,,,0.2629341901758872,14.740119215004418,5.99,,0.2586765386395187,-0.374710855892899,-0.2864448751202776,,0.15,,0.25,Fallback,,,,Investing.com InvestingPro,Not publicly verifiable
2026-09-29,V3,MBSC,Misr Beni Suef Cement Co. S.A.E (EGX:MBSC) Stock Price \u0026 Overview,Materials & Chemicals,Controlled sector registry,High,StockAnalysis.com scrape,299.2770167427702,302.75374745953627,420.49131591602264,538.228884372509,0.4050237485407597,1.7217829338235904,70.25118742703799,72.0,87.8,Medium,75.1,100,1.0,3,"pe,dcf,ev_ebitda",Review Required,Deep Research Required,Extreme valuation disagreement,4.445588483998369,3.3160888281747387,,,113.31538976101146,420.49131591602264,,,0.8946037099494097,-0.5106004796492751,-0.2857230888149712,,,20.55,0.25,Fallback,,,,Investing.com InvestingPro,Not publicly verifiable
2026-09-29,V3,MCQE,Misr Cement (Qena) Company (S.A.E) (EGX:MCQE) Stock Price \u0026 Overview,Materials & Chemicals,Controlled sector registry,High,StockAnalysis.com scrape,181.5625,259.55223948458234,336.3450162667348,413.1377930488872,0.8525026713486252,0.6741613125619793,92.62513356743126,78.8,91.4,Medium,88.9,100,1.0,3,"pe,dcf,ev_ebitda",Review Required,Deep Research Required,High valuation disagreement,6.702196382428941,4.871545478937483,,,110.18818439095278,336.3450162667348,,,0.5785491766800178,-0.4379086311330551,-0.24933686303131486,,,61.64,0.25,Fallback,,,,Investing.com InvestingPro,Not publicly verifiable
2026-09-29,V3,MFPC,Misr Fertilizer Production Company (EGX:MFPC) Stock Price \u0026 Overview,Materials & Chemicals,Controlled sector registry,High,StockAnalysis.com scrape,46.20905923344948,37.48568295270958,52.06344854542998,66.64121413815037,0.1266935403814208,1.0449962795916918,56.33467701907104,77.0,88.5,Medium,69.6,100,1.0,3,"pe,dcf,ev_ebitda",Review Required,Deep Research Required,Extreme valuation disagreement,8.621093140568933,2.9432521804744893,,,12.260296157280468,52.06344854542998,,,0.3417077613399085,-0.2217747310497592,-0.2117838483651664,,,61.51,0.25,Fallback,,,,Investing.com InvestingPro,Not publicly verifiable
2026-09-29,V3,MHOT,Misr Hotels Company (EGX:MHOT) Stock Price \u0026 Overview,Travel & Leisure,Controlled sector registry,High,StockAnalysis.com scrape,17.272727272727273,8.44223048718306,10.448993005281661,12.455755523380262,-0.39505829969421963,0.5093327162480208,30.24708501528902,90.4,86.2,Medium,59.3,100,0.6666666666666666,2,"pe,dcf,ev_ebitda",Review Required,Deep Research Required,High valuation disagreement,12.51646903820817,3.6672457054622662,,,7.787986010563321,,,,0.39490616621983915,,-0.4990387382443524,,0.75,87.18,0.25,Fallback,,,,Investing.com InvestingPro,Not publicly verifiable
2026-09-29,V3,MICH,Misr Chemical Industries Co. (EGX:MICH) Stock Price \u0026 Overview,Materials & Chemicals,Controlled sector registry,High,StockAnalysis.com scrape,44.39784848208588,31.746932170189694,44.09296134748569,56.43899052478169,-0.006867160122031706,1.0322582318879399,49.65664199389842,74.6,88.2,Medium,65.5,100,1.0,3,"pe,dcf,ev_ebitda",Review Required,Deep Research Required,Extreme valuation disagreement,10.113405121204073,3.34825403333981,,,9.086454392300967,44.09296134748569,,,0.3703573883161512,-0.24179676517575022,-0.15261646048818434,,4.0,90.8,0.25,Fallback,,,,Investing.com InvestingPro,Not publicly verifiable
2026-09-29,V3,MIPH,MINAPHARM Pharmaceuticals (EGX:MIPH) Stock Price \u0026 Overview,Healthcare,Controlled sector registry,High,StockAnalysis.com scrape,792.0203735144312,598.3446854195277,831.0342853048995,1063.7238851902714,0.0492587224964327,0.9298228442051162,52.46293612482164,46.9,76.3,Medium,57.0,100,0.6666666666666666,2,"pe,dcf,ev_ebitda",Review Required,Deep Research Required,Extreme valuation disagreement; Negative free cash flow,27.51981839869462,1.3872946235211001,,,,1217.3916167019834,,,0.052586433260393875,0.0482136971097884,-0.14689091637200868,,,17.23,0.25,Fallback,,,,Investing.com InvestingPro,Not publicly verifiable
2026-09-29,V3,MOIL,Maridive and Oil Services S.A.E. (EGX:MOIL) Stock Price \u0026 Overview,Energy & Utilities,Controlled sector registry,High,StockAnalysis.com scrape,37.043337728065325,2.1278655585352113,2.827125429940545,3.526385301345879,-0.9236805967460482,0.7606342213444302,3.815970162697589,85.8,88.3,Medium,45.4,90,1.0,3,"pe,dcf,ev_ebitda",Review Required,Data Limited,Extreme valuation disagreement; Missing BVPS,194.96493541087014,,,,1.0358244122898397,2.827125429940545,,,0.30560790174800184,,-0.1518621212195952,,,,0.25,Fallback,,,,Investing.com InvestingPro,Not publicly verifiable
2026-09-29,V3,MOIN,Mohandes Insurance Company (EGX:MOIN) Stock Price \u0026 Overview,Financials,Controlled sector registry,High,StockAnalysis.com scrape,35.26923076923077,7.757450778432186,9.947525195968646,12.137599613505106,-0.7179545745963088,0.6371033701126052,14.10227127018456,61.9,79.4,Medium,42.4,90,0.75,3,"pe,pb,residual_income,ddm",Review Required,Data Limited,High valuation disagreement; DDM unavailable,24.323607427055702,4.708842559309849,3.715284837169767,,,,,,0.19075757575757576,-0.24147777766075895,,,,8.71,0.25,Fallback,,,,Investing.com InvestingPro,Not publicly verifiable
2026-09-29,V3,MPCI,Memphis Pharmaceuticals \u0026 Chemical Industries (EGX:MPCI) Stock Price \u0026 Overview,Materials & Chemicals,Controlled sector registry,High,StockAnalysis.com scrape,346.8131868131868,199.46752269614072,238.45432406940182,277.44112544266295,-0.31244158775932934,0.3795362930408361,34.377920612033535,74.3,84.8,Medium,57.0,100,0.6666666666666666,2,"pe,dcf,ev_ebitda",Review Required,Standard Research Review,Negative free cash flow,15.204436072476406,11.115807269653423,,,,193.20328896097234,,,0.7312564286821378,-0.12830386089952273,-0.20917310141417966,,13.187,37.97,0.25,Fallback,,,,Investing.com InvestingPro,Not publicly verifiable
2026-09-29,V3,MPRC,Egyptian Media Production City (EGX:MPRC) Stock Price \u0026 Overview,Healthcare,Controlled sector registry,High,StockAnalysis.com scrape,37.911111111111104,35.8880794393044,49.84455477681167,63.80103011431894,0.31477430536724826,1.1943241036462622,65.73871526836241,72.4,87.9,Medium,72.9,100,1.0,3,"pe,dcf,ev_ebitda",Review Required,Deep Research Required,Extreme valuation disagreement,8.42469135802469,1.8252821911945645,,,9.998504910769853,49.84455477681167,,,0.20204216354344123,-0.320889932750961,-0.17509534325026965,,,8.23,0.25,Fallback,,,,Investing.com InvestingPro,Not publicly verifiable
2026-09-29,V3,MTIE,MM Group for Industry and International Trade S.A.E. (EGX:MTIE) Stock Price \u0026 Overview,Consumer,Controlled sector registry,High,StockAnalysis.com scrape,7.88546255506608,4.630397226571413,6.178324799964039,7.726252373356665,-0.21649177117774482,0.7751892326729933,39.17541144111276,69.3,89.2,Medium,59.2,100,1.0,3,"pe,dcf,ev_ebitda",Review Required,Deep Research Required,Extreme valuation disagreement,17.523250122369067,3.5360818632583317,,,1.9582897650890476,6.178324799964039,,,0.23352272727272727,-0.21990738288910305,-0.16969932920836095,,,,0.25,Fallback,,,,Investing.com InvestingPro,Not publicly verifiable
2026-09-29,V3,NAPR,National Printing Company S.A.E. (EGX:NAPR) Stock Price \u0026 Overview,Industrials,Controlled sector registry,High,StockAnalysis.com scrape,46.809696294232374,12.858464934873792,17.8589790762136,22.85949321755341,-0.6184769291396988,1.89200074922662,19.07615354301506,64.3,86.6,Medium,47.3,100,1.0,3,"pe,dcf,ev_ebitda",Review Required,Deep Research Required,Extreme valuation disagreement,38.68569941672097,4.346304205592607,,,10.834301510010787,44.62350330262945,,,0.08763309596473381,0.1664487498812861,-0.13352094127215453,,,97.03,0.25,Fallback,,,,Investing.com InvestingPro,Not publicly verifiable
2026-09-29,V3,NINH,Nozha International Hospital (EGX:NINH) Stock Price \u0026 Overview,Industrials,Controlled sector registry,High,StockAnalysis.com scrape,18.966666666666665,3.8281078738931424,5.316816491518254,6.805525109143365,-0.7196757561589673,1.1245592306436072,14.016212192051633,78.5,88.8,Medium,48.8,100,1.0,3,"pe,dcf,ev_ebitda",Review Required,Deep Research Required,Extreme valuation disagreement,33.86904761904761,7.13032581453634,,,2.2862375671387234,5.316816491518254,,,0.23230193982283118,-0.1861049751822067,-0.14513463870674903,,,7.01,0.25,Fallback,,,,Investing.com InvestingPro,Not publicly verifiable
2026-09-29,V3,NIPH,EI- Nile Co. for Pharmaceuticals and Chemical Industries (EGX:NIPH) Stock Price \u0026 Overview,Healthcare,Controlled sector registry,High,StockAnalysis.com scrape,298.4,79.33572740883601,97.29879749920326,115.26186758957051,-0.673931643769426,0.4755345273836106,16.303417811528696,47.5,80.0,Medium,40.0,100,0.6666666666666666,2,"pe,dcf,ev_ebitda",Review Required,Standard Research Review,Negative free cash flow,62.166666666666664,13.520616221114635,,,,120.43326634109188,,,0.2175090579710145,0.05789648870565345,-0.1952940274229681,,2.0,41.64,0.25,Fallback,,,,Investing.com InvestingPro,Not publicly verifiable
2026-09-29,V3,OCDI,Sixth of October for Development and Investment Company \,Real Estate,Controlled sector registry,High,StockAnalysis.com scrape,26.635658914728683,18.807582315904018,23.96250623757789,29.117430159251764,-0.10035992297801286,0.614202604413638,44.98200385109936,53.7,83.1,Medium,56.7,100,0.8,4,"pe,pb,dcf,ev_ebitda,book_nav_proxy",Review Required,Deep Research Required,High valuation disagreement; Book NAV proxy used; not property-level NAV; Negative free cash flow,8.564520551359706,2.0599890885327676,,,,22.835300704339563,12.93,,0.23993308639024974,-0.05051049100329286,-0.209748525400832,,,,0.25,Fallback,,,,Investing.com InvestingPro,Not publicly verifiable
2026-09-29,V3,OCPH,October Pharma S.A.E (EGX:OCPH) Stock Price \u0026 Overview,Healthcare,Controlled sector registry,High,StockAnalysis.com scrape,205.41666666666666,76.53758717434869,106.30220440881763,136.06682164328657,-0.4825044815797924,1.0520955260609262,25.87477592101038,71.9,87.8,Medium,52.9,100,1.0,3,"pe,dcf,ev_ebitda",Review Required,Deep Research Required,Extreme valuation disagreement,29.857073643410853,7.426488310436249,,,72.10787772277861,183.9479513917097,,,0.27968425175499384,-0.11762767949207764,-0.17958337514716716,,,11.06,0.25,Fallback,,,,Investing.com InvestingPro,Not publicly verifiable
2026-09-29,V3,OIH,Orascom Investment Holding S.A.E. (EGX:OIH) Stock Price \u0026 Overview,Holding Companies,Controlled sector registry,High,StockAnalysis.com scrape,1.859047619047619,0.4643063829787235,0.5046808510638299,0.5450553191489363,-0.728527206138821,,13.57363969305895,8.0,69.5,Low,26.2,100,0.3333333333333333,1,"sotp,pe,pb",Review Required,Data Limited,Low valuation-method coverage; Only one usable valuation method; SOTP unavailable — component data required; Negative free cash flow,,4.8922305764411025,,,,,,,-0.2608895405669599,,-0.3644341332323734,,,,0.25,Fallback,,,,Investing.com InvestingPro,Not publicly verifiable
2026-09-29,V3,OLFI,Obour Land for Food Industries S.A.E. (EGX:OLFI) Stock Price \u0026 Overview,Consumer,Controlled sector registry,High,StockAnalysis.com scrape,21.85,26.677884469282027,29.87533725982622,33.072790050370415,0.3672923231041748,0.1228477283842251,68.36461615520874,39.6,81.6,Medium,64.5,100,0.6666666666666666,2,"pe,dcf,ev_ebitda",Review Required,Standard Research Review,Negative free cash flow,11.684491978609627,5.616966580976864,,,,31.710395918367347,,,0.5614615384615385,-0.16260604064943718,-0.24318333815473625,,1.75,100.41,0.25,Fallback,,,,Investing.com InvestingPro,Not publicly verifiable
2026-09-29,V3,ORAS,Orascom Construction (EGX:ORAS) Stock Price \u0026 Overview,Industrials,Controlled sector registry,High,StockAnalysis.com scrape,,,,,,,,,32.5,Low,,0,0.0,0,"pe,dcf,ev_ebitda",Review Required,Data Limited,Low valuation-method coverage; Only one usable valuation method; Missing EPS; Missing BVPS,,,,,,,,,,,,,,,0.25,Fallback,,,,Investing.com InvestingPro,Not publicly verifiable
2026-09-29,V3,ORHD,Orascom Development Egypt S.A.E. (EGX:ORHD) Stock Price \u0026 Overview,Real Estate,Controlled sector registry,High,StockAnalysis.com scrape,38.716814159292035,23.485367324403924,32.61856572833879,41.75176413227365,-0.15750904518804962,1.631911979661118,42.12454774059752,62.9,86.4,Medium,58.4,100,1.0,5,"pe,pb,dcf,ev_ebitda,book_nav_proxy",Review Required,Deep Research Required,Extreme valuation disagreement; Book NAV proxy used; not property-level NAV,8.18537297236618,2.303201318220823,,,2.8676280814709023,56.098256252910545,16.81,,0.26240439301823887,-0.2557608311308277,-0.24223300491812383,,,8.12,0.25,Fallback,,,,Investing.com InvestingPro,Not publicly verifiable
2026-09-29,V3,ORWE,Oriental Weavers Carpets Company (S.A.E) (EGX:ORWE) Stock Price \u0026 Overview,Consumer,Controlled sector registry,High,StockAnalysis.com scrape,26.89780637789238,36.16019697144597,45.13435218709525,54.108507402744536,0.6779937944750656,0.5401456259110724,83.89968972375328,69.9,91.2,Medium,82.2,100,1.0,3,"pe,dcf,ev_ebitda",Review Required,Deep Research Required,High valuation disagreement,8.936148298303117,0.89272507062371,,,32.54452467226731,56.92364758445665,,,0.1402324192733453,-0.16939203163555105,-0.1641995420704213,,,38.34,0.25,Fallback,,,,Investing.com InvestingPro,Not publicly verifiable
2026-09-29,V3,PHAR,Egyptian International Pharmaceutical Industries Company (EGX:PHAR) Stock Price \u0026 Overview,Healthcare,Controlled sector registry,High,StockAnalysis.com scrape,105.59374259303152,92.85020494129769,106.51319147958792,120.17617801787814,0.008707418299397154,0.2194321126927609,50.43537091496986,40.9,81.0,Medium,55.7,100,0.6666666666666666,2,"pe,dcf,ev_ebitda",Review Required,Standard Research Review,Negative free cash flow,13.803103606932224,2.9266558368356854,,,,94.82698416158064,,,0.2034788316376764,-0.08449497260883154,-0.19176276751527244,,,49.46,0.25,Fallback,,,,Investing.com InvestingPro,Not publicly verifiable
2026-09-29,V3,PHDC,Palm Hills Developments S.A.E. (EGX:PHDC) Stock Price \u0026 Overview,Real Estate,Controlled sector registry,High,StockAnalysis.com scrape,12.808510638297872,9.02510637049429,12.534869959019847,16.044633547545406,-0.021363973299114863,0.9841150682028743,48.931801335044256,48.8,84.4,Medium,57.8,100,1.0,5,"pe,pb,dcf,ev_ebitda,book_nav_proxy",Review Required,Deep Research Required,Extreme valuation disagreement; Book NAV proxy used; not property-level NAV,9.084050098083598,1.9117180057161,,,2.522580212250355,14.858334616885333,6.7,,0.1956964233788892,-0.2814964300604451,-0.28084609130353444,,,17.6,0.25,Fallback,,,,Investing.com InvestingPro,Not publicly verifiable
2026-09-29,V3,PHTV,Pyramisa Hotels \u0026 Resorts (EGX:PHTV) Stock Price \u0026 Overview,Healthcare,Controlled sector registry,High,StockAnalysis.com scrape,340.08438818565406,401.07031196295543,543.0991983967936,685.1280848306317,0.5969542186109188,0.8250706890204613,79.84771093054594,77.8,90.1,Medium,81.9,100,1.0,3,"pe,dcf,ev_ebitda",Review Required,Deep Research Required,Extreme valuation disagreement,9.67523152733013,3.386957356694095,,,290.09519554582477,738.1904253735274,,,0.32801659125188537,-0.42392914088575195,-0.3774025274619952,,4.0,29.26,0.25,Fallback,,,,Investing.com InvestingPro,Not publicly verifiable
2026-09-29,V3,POUL,Cairo Poultry Company S.A.E. (EGX:POUL) Stock Price \u0026 Overview,Consumer,Controlled sector registry,High,StockAnalysis.com scrape,9.703910614525139,13.709226019838104,19.04059169421959,24.371957368601073,0.9621565418913683,3.5276918832482798,98.10782709456842,80.1,89.0,Medium,91.3,100,1.0,3,"pe,dcf,ev_ebitda",Review Required,Deep Research Required,Extreme valuation disagreement,2.118757776097192,0.5755581621901031,,,1.5068495991188273,19.04059169421959,,,0.3013916015625,,-0.20718410533210885,,0.33,23.89,0.25,Fallback,,,,Investing.com InvestingPro,Not publicly verifiable
2026-09-29,V3,PRDC,Pioneers Properties For Urban Development - PRE Group (EGX:PRDC) Stock Price \u0026 Overview,Real Estate,Controlled sector registry,High,StockAnalysis.com scrape,7.125,7.822710069225016,10.864875096145855,13.907040123066695,0.5248947503362604,1.911924204654694,76.24473751681302,68.0,82.2,Medium,75.7,100,0.8,4,"pe,pb,dcf,ev_ebitda,book_nav_proxy",Review Required,Deep Research Required,Extreme valuation disagreement; Book NAV proxy used; not property-level NAV,12.076271186440678,0.9641407307171854,,,26.017905106532044,,7.39,,0.04300583726000422,0.11570564909204784,-0.0668101484282001,,,32.19,0.25,Fallback,,,,Investing.com InvestingPro,Not publicly verifiable
2026-09-29,V3,QNBE,Qatar National Bank (EGX:QNBE) Stock Price \u0026 Overview,Financials,Controlled sector registry,High,StockAnalysis.com scrape,58.348837209302324,41.09290472270593,57.07347878153602,73.05405284036611,-0.021857478036648538,1.431055467059127,48.90712609816757,59.9,82.5,Medium,60.0,90,1.0,4,"pe,pb,residual_income,ddm",Review Required,Deep Research Required,Extreme valuation disagreement; Negative free cash flow,4.357642808760442,0.9938483598927325,36.173766073710325,11.157894736842106,,,,,0.2653245121054753,-0.2536952197821404,-0.23586496848865524,,2.0,21.96,0.25,Fallback,,,,Investing.com InvestingPro,Not publicly verifiable
2026-09-29,V3,RAYA,Raya Holding Company for Financial Investments (S.A.E) (EGX:RAYA) Stock Price \u0026 Overview,Telecom & Technology,Controlled sector registry,High,StockAnalysis.com scrape,6.156542056074765,10.138615405779404,14.08141028580473,18.024205165830054,1.2872271735576566,1.6611188238411487,100,41.8,83.3,Medium,81.3,100,1.0,3,"pe,dcf,ev_ebitda",Review Required,Deep Research Required,Extreme valuation disagreement,10.092691895204533,4.1881238476699085,,,1.3326534588397159,24.723549150820322,,,0.285777045579352,-0.45270259577981653,-0.2406920149828924,,,7.8,0.25,Fallback,,,,Investing.com InvestingPro,Not publicly verifiable
2026-09-29,V3,RMDA,Tenth of Ramadan for Pharmaceutical Industries and Diagnostic Reagents (Rameda) (S.A.E) (EGX:RMDA) Stock Price \u0026 Overview,Healthcare,Controlled sector registry,High,StockAnalysis.com scrape,5.305418719211823,2.757454100191389,3.6201970440694025,4.482939987947415,-0.3176415970788406,0.7196082189295048,34.11792014605797,57.8,79.6,Medium,51.4,100,0.6666666666666666,2,"pe,dcf,ev_ebitda",Review Required,Deep Research Required,High valuation disagreement,35.36945812807882,4.613407581923324,,,,4.922758817597723,,,0.1393681550126369,-0.11813979377827954,-0.2225897101454163,,,70.47,0.25,Fallback,,,,Investing.com InvestingPro,Not publicly verifiable
2026-09-29,V3,SAUD,alBaraka Bank Egypt S.A.E. (EGX:SAUD) Stock Price \u0026 Overview,Financials,Controlled sector registry,High,StockAnalysis.com scrape,21.866490634540803,23.214033794798763,29.523829787234046,35.83362577966933,0.3501860120433563,0.6078124992448096,67.50930060216781,56.4,78.8,Medium,67.6,90,0.75,3,"pe,pb,residual_income,ddm",Review Required,Data Limited,High valuation disagreement; DDM unavailable; Negative free cash flow,4.733006630852987,0.9836478018236978,14.08562404819994,,,,,,0.24020032150364784,-0.2158200783423666,-0.21506520768516946,,,32.91,0.25,Fallback,,,,Investing.com InvestingPro,Not publicly verifiable
2026-09-29,V3,SCEM,Sinai Cement Co. (S.A.E) (EGX:SCEM) Stock Price \u0026 Overview,Materials & Chemicals,Controlled sector registry,High,StockAnalysis.com scrape,78.98470150684406,94.88009217847213,125.64279548877013,156.40549879906814,0.5907231791954436,0.7492843497901507,79.53615895977218,96.6,93.5,Medium,87.3,100,1.0,3,"pe,dcf,ev_ebitda",Review Required,Deep Research Required,High valuation disagreement,6.233993804802215,2.8932125094082073,,,63.44426863662213,125.64279548877013,,,0.4517623929223424,,-0.309728084320681,,,,0.25,Fallback,,,,Investing.com InvestingPro,Not publicly verifiable
2026-09-29,V3,SCTS,Suez Canal Company for Technology Settling (S.A.E) (EGX:SCTS) Stock Price \u0026 Overview,Telecom & Technology,Controlled sector registry,High,StockAnalysis.com scrape,547.9647964796479,352.8315287525505,488.35242995295744,623.8733311533643,-0.1087886793269658,0.8977561442801532,44.56056603365171,82.7,90.2,Medium,65.5,100,1.0,3,"pe,dcf,ev_ebitda",Review Required,Deep Research Required,Extreme valuation disagreement,24.660881929777137,12.625916969577142,,,74.51128830539439,488.35242995295744,,,0.5280728376327769,-0.19870874864091492,-0.15860089317366188,,,53.38,0.25,Fallback,,,,Investing.com InvestingPro,Not publicly verifiable
2026-09-29,V3,SKPC,Sidi Kerir Petrochemicals Co. (EGX:SKPC) Stock Price \u0026 Overview,Materials & Chemicals,Controlled sector registry,High,StockAnalysis.com scrape,16.256637168141594,2.5004537658094788,3.472852452513165,4.445251139216851,-0.7863732568677257,1.3665399747926301,10.681337156613715,57.9,77.4,Medium,39.2,100,0.6666666666666666,2,"pe,dcf,ev_ebitda",Review Required,Deep Research Required,Extreme valuation disagreement; Negative free cash flow,34.588589719450205,2.713962799355859,,,,1.0999566010552326,,,0.09107773851590106,-0.02224445745082626,-0.19718545130624343,,0.5,73.33,0.25,Fallback,,,,Investing.com InvestingPro,Not publicly verifiable
2026-09-29,V3,SPHT,El Shams Pyramids Co. For Hotels \u0026 Touristic Projects S.A.E (EGX:SPHT) Stock Price \u0026 Overview,Travel & Leisure,Controlled sector registry,High,StockAnalysis.com scrape,73.92441169479439,,,,,,,74.3,64.1,Low,,80,0.0,0,"pe,dcf,ev_ebitda",Review Required,Data Limited,Low valuation-method coverage; Only one usable valuation method; Negative free cash flow,,134.4080212632625,,,,,,,-0.01491658488714426,,,,,,0.25,Fallback,,,,Investing.com InvestingPro,Not publicly verifiable
2026-09-29,V3,SPIN,Alexandria Spinning \u0026 Weaving Co. (EGX:SPIN) Stock Price \u0026 Overview,Consumer,Controlled sector registry,High,StockAnalysis.com scrape,15.995786205367043,0.18638980425167448,0.2508597461062576,0.31532968796084077,-0.9843171355952427,0.8045271013939286,0.7841432202378655,43.9,76.8,Medium,30.6,100,0.6666666666666666,2,"pe,dcf,ev_ebitda",Review Required,Deep Research Required,Extreme valuation disagreement; Negative free cash flow,1599.5786205367042,7.653486222663657,,,,0.35177147830189975,,,0.006596498679373001,,-0.29174731389658937,,,,0.25,Fallback,,,,Investing.com InvestingPro,Not publicly verifiable
2026-09-29,V3,SUGR,Delta Sugar Company (EGX:SUGR) Stock Price \u0026 Overview,Consumer,Controlled sector registry,High,StockAnalysis.com scrape,53.37552742616034,,,,,,,5.4,60.8,Low,,100,0.0,0,"pe,dcf,ev_ebitda",Review Required,Data Limited,Low valuation-method coverage; Only one usable valuation method; Negative free cash flow,,2.7799753867791845,,,,,,,-0.5633699633699634,,-0.18691209344374493,,,,0.25,Fallback,,,,Investing.com InvestingPro,Not publicly verifiable
2026-09-29,V3,SVCE,South Valley Cement Company (EGX:SVCE) Stock Price \u0026 Overview,Industrials,Controlled sector registry,High,StockAnalysis.com scrape,9.8909302036246,0.547143550857344,0.7241569460143148,0.9011703411712856,-0.9267857591645988,0.7474575035854651,3.6607120417700614,46.6,77.7,Medium,32.9,100,0.6666666666666666,2,"pe,dcf,ev_ebitda",Review Required,Deep Research Required,High valuation disagreement,,1.5382473100504823,,,0.45351867447834776,0.9947952175502819,,,-0.09032226877215598,,-0.3381693799663975,,,,0.25,Fallback,,,,Investing.com InvestingPro,Not publicly verifiable
2026-09-29,V3,SWDY,El Sewedy Electric Company (EGX:SWDY) Stock Price \u0026 Overview,Industrials,Controlled sector registry,High,StockAnalysis.com scrape,112.46728971962615,107.17967465832824,120.19597329519318,133.21227193205812,0.06871939027635637,0.12860137263643448,53.43596951381782,48.9,83.0,Medium,59.7,100,0.6666666666666666,2,"pe,dcf,ev_ebitda",Review Required,Standard Research Review,Negative free cash flow,14.759486839845952,3.420538008504445,,,,127.92465687076022,,,0.24409075961854654,-0.27848351294501805,-0.283482225475463,,,41.06,0.25,Fallback,,,,Investing.com InvestingPro,Not publicly verifiable
2026-09-29,V3,TALM,Taaleem Management Services Company S.A.E. (EGX:TALM) Stock Price \u0026 Overview,Consumer,Controlled sector registry,High,StockAnalysis.com scrape,19.304125115797504,11.881184364798788,13.206470355546752,14.531756346294715,-0.315873147509842,0.09250574462517169,34.2063426245079,62.0,85.2,Medium,53.9,100,0.6666666666666666,2,"pe,dcf,ev_ebitda",Review Required,Standard Research Review,Negative free cash flow,22.981101328330364,6.287988637067591,,,,13.817307542601807,,,0.15978871488938604,-0.21524851802565148,-0.24552444923820582,,,7.47,0.25,Fallback,,,,Investing.com InvestingPro,Not publicly verifiable
2026-09-29,V3,TAQA,TAQA Arabia S.A.E. (EGX:TAQA) Stock Price \u0026 Overview,Energy & Utilities,Controlled sector registry,High,StockAnalysis.com scrape,16.25563909774436,11.502685476450798,13.948896832244547,16.395108188038297,-0.1419041264160385,0.4334978226766354,42.90479367919808,52.9,89.5,High,57.0,100,1.0,3,"pe,dcf,ev_ebitda",Quantitative Pass,High Conviction Research,,16.932957393483708,4.911069213820048,,,10.052043867335051,13.948896832244547,,,0.23970808383233533,-0.18274165797437714,-0.20960832934878237,,,,0.25,Fallback,,,,Investing.com InvestingPro,Not publicly verifiable
2026-09-29,V3,TMGH,Talaat Moustafa Group Holding (EGX:TMGH) Stock Price \u0026 Overview,Real Estate,Controlled sector registry,High,StockAnalysis.com scrape,87.60679611650485,57.721427697525684,72.74579567229918,87.77016364707268,-0.16963296345688306,0.5751475354518547,41.51835182715585,56.7,83.9,Medium,55.9,100,0.8,4,"pe,pb,dcf,ev_ebitda,book_nav_proxy",Review Required,Deep Research Required,High valuation disagreement; Book NAV proxy used; not property-level NAV; Negative free cash flow,11.680906148867313,1.9691345497079085,,,,78.81675113704598,44.49,,0.09237168607013937,-0.36571288034119254,-0.25812185696262,,,2.08,0.25,Fallback,,,,Investing.com InvestingPro,Not publicly verifiable
2026-09-29,V3,UBEE,The United Bank (EGX:UBEE) Stock Price \u0026 Overview,Financials,Controlled sector registry,High,StockAnalysis.com scrape,15.536363636363637,7.837091782593899,10.884849698047082,13.932607613500267,-0.29939527982142833,1.1111981704973,35.03023600892858,61.0,76.4,Medium,51.9,90,0.75,3,"pe,pb,residual_income,ddm",Review Required,Data Limited,Extreme valuation disagreement; DDM unavailable; Negative free cash flow,9.895773016792125,0.9560839160839161,9.486521849884717,,,,,,0.1216374269005848,0.11617900762012123,-0.15884855844560064,,,60.32,0.25,Fallback,,,,Investing.com InvestingPro,Not publicly verifiable
2026-09-29,V3,VALU,U Consumer Finance S.A.E. (EGX:VALU) Stock Price \u0026 Overview,Financials,Controlled sector registry,High,StockAnalysis.com scrape,10.180094786729859,1.2526709966405376,1.7398208286674133,2.226970660694289,-0.8290958124539924,1.0695216042795734,8.545209377300381,49.0,74.6,Medium,35.2,90,0.75,3,"pe,pb,residual_income,ddm",Review Required,Data Limited,Extreme valuation disagreement; DDM unavailable; Negative free cash flow,24.238320920785377,7.771064722694549,1.05109465602434,,,,,,0.3305375953505267,0.11994446021554528,-0.3174790575406734,,,,0.25,Fallback,,,,Investing.com InvestingPro,Not publicly verifiable
2026-09-29,V3,ZMID,Zahraa El Maadi Investment and Development Company SAE (EGX:ZMID) Stock Price \u0026 Overview,Materials & Chemicals,Controlled sector registry,High,StockAnalysis.com scrape,7.83,6.993505162707989,7.918830743989956,8.844156325271923,0.011344922604081176,0.16750585993694295,50.56724613020406,62.2,81.2,Medium,61.1,90,0.6666666666666666,2,"pe,dcf,ev_ebitda",Review Required,Standard Research Review,Negative free cash flow,11.347826086956523,2.965909090909091,,,,7.2556054672563866,,,0.31843323216995445,-0.20436346381319848,-0.1747919824477785,,0.25,23.83,0.25,Fallback,,,,Investing.com InvestingPro,Not publicly verifiable
